﻿<?xml version="1.0" encoding="utf-8" ?>
<Buildings>


	<ThingDef Name="BuildingBase" Abstract="True">
		<category>Building</category>
		<soundBulletHit>BulletImpactMetal</soundBulletHit>
		<selectable>true</selectable>
		<drawerType>MapMeshAndRealTime</drawerType>
		<surfaceNeeded>Light</surfaceNeeded>
		<constructionEffect>ConstructMetal</constructionEffect>
		<repairEffect>Repair</repairEffect>
	</ThingDef>
	

	<ThingDef ParentName="BuildingBase">
		<defName>AgaveTank</defName>
		<eType>BuildingComplex</eType>
		<label>Agave Tank</label>
		<thingClass>SuperiorCrafting.Building_AgaveTank</thingClass>
		<texturePath>Things/Building/SCMisc/MedicalBay2x1</texturePath>
		<hasInteractionSquare>True</hasInteractionSquare>
		<interactionSquareOffset>(1,0,0)</interactionSquareOffset>
		<altitudeLayer>BuildingTall</altitudeLayer>
		<passability>Standable</passability>
		<castEdgeShadows>true</castEdgeShadows>
		<fillPercent>1</fillPercent>
		<maxHealth>240</maxHealth>
		<flammability>1.0</flammability>
		<tickerType>Normal</tickerType>
		<description>A healing tank that heals any colonist who interacts with it.  Requires a hopper filled with Agave Gel.</description>
		<size>(2,1)</size>
		<workToBuild>9000</workToBuild>
		<costList>
			<li>
				<thingDef>SteelBars</thingDef>
				<count>60</count>
			</li>
			<li>
				<thingDef>Glass</thingDef>
				<count>60</count>
			</li>
		</costList>
		<overdraw>false</overdraw>
		<comps>
			<li>
				<compClass>CompPowerTrader</compClass>
				<basePowerConsumption>300</basePowerConsumption>
			</li>
			<li>
				<compClass>CompMannable</compClass>
			</li>
		</comps>
		<leaveResourcesWhenKilled>true</leaveResourcesWhenKilled>
		<killedLeavings>
			<li>
				<thingDef>ChunkSlag</thingDef>
				<count>1</count>
			</li>
		</killedLeavings>
		<filthLeavings>
			<li>
				<thingDef>SlagRubble</thingDef>
				<count>2</count>
			</li>
		</filthLeavings>
		<surfaceNeeded>Heavy</surfaceNeeded>
		<designationCategory>Misc</designationCategory>
		<staticSunShadowHeight>1.0</staticSunShadowHeight>
		<building>
			<wantsHopperAdjacent>true</wantsHopperAdjacent>
		</building>
		<blockLight>true</blockLight>
		<researchPrerequisite>Medicine</researchPrerequisite>
	</ThingDef>

	<ThingDef ParentName="BuildingBase">
		<defName>CommsConsole</defName>
		<eType>Building_CommsConsole</eType>
		<label>Comms Console</label>
		<thingClass>Building_CommsConsole</thingClass>
		<texturePath>Things/Building/SCMisc/CommsConsole2x1</texturePath>
		<overdraw>false</overdraw>
		<altitudeLayer>Waist</altitudeLayer>
		<passability>Impassable</passability>
		<castEdgeShadows>true</castEdgeShadows>
		<fillPercent>1</fillPercent>
		<maxHealth>240</maxHealth>
		<flammability>1.0</flammability>
		<description>Communicate with nearby ships here for negotiation and trade.</description>
		<size>(2,1)</size>
		<workToBuild>9000</workToBuild>
		<costList>
			<li>
				<thingDef>SteelBars</thingDef>
				<count>100</count>
			</li>
			<li>
				<thingDef>Glass</thingDef>
				<count>20</count>
			</li>
		</costList>
		<interactionSquareOffset>(1,0,-1)</interactionSquareOffset>
		<hasInteractionSquare>true</hasInteractionSquare>
		<killedLeavings>
			<li>
				<thingDef>ChunkSlag</thingDef>
				<count>1</count>
			</li>
		</killedLeavings>
		<filthLeavings>
			<li>
				<thingDef>SlagRubble</thingDef>
				<count>2</count>
			</li>
		</filthLeavings>
		<leaveResourcesWhenKilled>true</leaveResourcesWhenKilled>
		<surfaceNeeded>Heavy</surfaceNeeded>
		<designationCategory>Misc</designationCategory>
		<comps>
			<li>
				<compClass>CompPowerTrader</compClass>
				<startElectricalFires>true</startElectricalFires>
				<basePowerConsumption>200</basePowerConsumption>
			</li>
		</comps>
		<staticSunShadowHeight>0.20</staticSunShadowHeight>
		<researchPrerequisite>Communication</researchPrerequisite>
	</ThingDef>
	
	<ThingDef ParentName="BuildingBase">
		<defName>FertilizerPump</defName>
		<eType>BuildingComplex</eType>
		<label>Fertilizer Pump</label>
		<thingClass>Building_FertilizerPump</thingClass>
		<texturePath>Things/Building/FertilizerPump</texturePath>
		<altitudeLayer>BuildingTall</altitudeLayer>
		<overdraw>false</overdraw>
		<maxHealth>120</maxHealth>
		<description>Slowly expands a field of growable soil around itself.</description>
		<size>(1,1)</size>
		<workToBuild>4500</workToBuild>
		<costList>
			<li>
				<thingDef>SteelBars</thingDef>
				<count>50</count>
			</li>
		</costList>
		<filthLeavings>
			<li>
				<thingDef>SlagRubble</thingDef>
				<count>2</count>
			</li>
		</filthLeavings>
		<pathCost>30</pathCost>
		<tickerType>Rare</tickerType>
		<comps>
			<li>
				<compClass>CompPowerTrader</compClass>
				<basePowerConsumption>100</basePowerConsumption>
			</li>
		</comps>
		<sunShadowInfo>
			<baseWidth>0.3</baseWidth>
			<baseHeight>0.3</baseHeight>
			<tallness>0.5</tallness>
		</sunShadowInfo>
		<designationCategory>Misc</designationCategory>
		<rotatable>false</rotatable>
		<researchPrerequisite>FertilizerPump</researchPrerequisite>
	</ThingDef>
	
	<ThingDef ParentName="BuildingBase">
		<defName>Grave</defName>
		<eType>BuildingInert</eType>
		<label>Grave</label>
		<thingClass>Building_Grave</thingClass>
		<texturePath>Things/Building/GraveEmpty</texturePath>
		<altitudeLayer>FloorEmplacement</altitudeLayer>
		<overdraw>true</overdraw>
		<useStandardHealth>false</useStandardHealth>
		<description>Place the dead in graves to give them a decent final resting place.</description>
		<size>(1,2)</size>
		<workToBuild>650</workToBuild>
		<passability>Standable</passability>
		<building>
			<fixedStorageSettings>
				<allowances>
					<categories>
						<li>Corpses</li>
					</categories>
				</allowances>
			</fixedStorageSettings>
			<defaultStorageSettings>
				<priority>Important</priority>
				<allowances>
					<categories>
						<li>CorpsesHumanoid</li>
					</categories>
					<specialFiltersToAllow>
						<li>AllowBuried</li>
					</specialFiltersToAllow>
				</allowances>
			</defaultStorageSettings>
		</building>
		<inspectorTabs>
			<li>ITab_Storage</li>
		</inspectorTabs>
		<surfaceNeeded>Diggable</surfaceNeeded>
		<designationCategory>Misc</designationCategory>
		<constructionEffect>ConstructDig</constructionEffect>
		<itemSurface>true</itemSurface>
	</ThingDef>
	
	<ThingDef ParentName="BuildingBase">
		<defName>Hopper</defName>
		<eType>BuildingComplex</eType>
		<label>Hopper</label>
		<thingClass>Building_Storage</thingClass>
		<texturePath>Things/Building/Production/Hopper</texturePath>
		<altitudeLayer>Waist</altitudeLayer>
		<passability>Impassable</passability>
		<building>
			<fixedStorageSettings>
				<priority>Important</priority>
				<allowances>
					<categories>
						<li>FoodRaw</li>
						<li>ResourcesRaw</li>
						<li>Manufactured</li>
					</categories>
					<exceptedThingDefs>
						<li>CottonRaw</li>
						<li>Metal</li>
						<li>AnimalHide</li>
						<li>Cloth</li>
						<li>Glass</li>
						<li>Leather</li>
						<li>Medicine</li>
						<li>SteelBars</li>
						<li>WoodMulch</li>
						<li>Sand</li>
						<li>StoneBlocks</li>
						<li>WoodPlank</li>
						<li>Uranium</li>
						<li>Shells</li>
						<li>Missiles</li>
					</exceptedThingDefs>
				</allowances>
			</fixedStorageSettings>
			<defaultStorageSettings>
			<priority>Important</priority>
				<allowances>
					<categories>
						<li>FoodRaw</li>
					</categories>
					<exceptedThingDefs>
						<li>Human_Meat</li>
					</exceptedThingDefs>
				</allowances>
			</defaultStorageSettings>
		</building>
		<inspectorTabs>
			<li>ITab_Storage</li>
		</inspectorTabs>
		<castEdgeShadows>true</castEdgeShadows>
		<fillPercent>1</fillPercent>
		<maxHealth>30</maxHealth>
		<flammability>1.0</flammability>
		<description>Holds resources for use by automated machines.</description>
		<workToBuild>750</workToBuild>
		<costList>
			<li>
				<thingDef>SteelBars</thingDef>
				<count>15</count>
			</li>
		</costList>
		<tickerType>Never</tickerType>
		<rotatable>true</rotatable>
		<neverMultiSelect>true</neverMultiSelect>
		<killedLeavings>
			<li>
				<thingDef>ChunkSlag</thingDef>
				<count>1</count>
			</li>
		</killedLeavings>
		<filthLeavings>
			<li>
				<thingDef>SlagRubble</thingDef>
				<count>2</count>
			</li>
		</filthLeavings>
		<designationCategory>Misc</designationCategory>
		<staticSunShadowHeight>0.3</staticSunShadowHeight>
		<ConstructionEffect>ConstructMetal</ConstructionEffect>
		<itemSurface>true</itemSurface>
		<placementRestricters>
			<li>PlacementRestricter_NextToHopperAccepter</li>
		</placementRestricters>
		<designationHotKey>H</designationHotKey>
		<researchPrerequisite>PowerI</researchPrerequisite>
	</ThingDef>

	<ThingDef ParentName="BuildingBase">
		<defName>NutrientPasteDispenser</defName>
		<eType>BuildingComplex</eType>
		<label>Food Synthesizer</label>
		<thingClass>Building_NutrientPasteDispenser</thingClass>
		<texturePath>Things/Building/SCMisc/PasteDispenser2x1</texturePath>
		<altitudeLayer>BuildingTall</altitudeLayer>
		<passability>Impassable</passability>
		<castEdgeShadows>true</castEdgeShadows>
		<fillPercent>1</fillPercent>
		<maxHealth>240</maxHealth>
		<flammability>1.0</flammability>
		<description>Synthesizes food from organic foodstocks.  Requires at least one adjacent hopper to work.</description>
		<building>
			<wantsHopperAdjacent>true</wantsHopperAdjacent>
			<foodCostPerDispense>10</foodCostPerDispense>
			<soundDispense>DispensePaste</soundDispense>
		</building>
		<comps>
			<li>
				<compClass>CompPowerTrader</compClass>
				<startElectricalFires>true</startElectricalFires>
				<basePowerConsumption>200</basePowerConsumption>
			</li>
		</comps>
		<size>(2,1)</size>
		<workToBuild>9000</workToBuild>
		<costList>
			<li>
				<thingDef>SteelBars</thingDef>
				<count>100</count>
			</li>
			<li>
				<thingDef>Glass</thingDef>
				<count>20</count>
			</li>
		</costList>
		<overdraw>false</overdraw>
		<interactionSquareOffset>(1,0,1)</interactionSquareOffset>
		<hasInteractionSquare>true</hasInteractionSquare>
		<killedLeavings>
			<li>
				<thingDef>ChunkSlag</thingDef>
				<count>1</count>
			</li>
		</killedLeavings>
		<filthLeavings>
			<li>
				<thingDef>SlagRubble</thingDef>
				<count>2</count>
			</li>
		</filthLeavings>
		<leaveResourcesWhenKilled>true</leaveResourcesWhenKilled>
		<researchPrerequisite>Stonecutting</researchPrerequisite>
		<surfaceNeeded>Heavy</surfaceNeeded>
		<designationCategory>Misc</designationCategory>
		<staticSunShadowHeight>0.75</staticSunShadowHeight>
	</ThingDef>
  
	<ThingDef ParentName="BuildingBase">
		<defName>OrbitalTradeBeacon</defName>
		<eType>BuildingComplex</eType>
		<label>Orbital Trade Beacon</label>
		<thingClass>Building_OrbitalTradeBeacon</thingClass>
		<texturePath>Things/Building/DropBeacon</texturePath>
		<altitudeLayer>Waist</altitudeLayer>
		<maxHealth>120</maxHealth>
		<description>Required for orbital trading. You can only sell goods that are near an orbital trade beacon and not under a roof. Orbital traders will also drop goods near this.</description>
		<size>(1,1)</size>
		<workToBuild>4500</workToBuild>
		<flammability>1.0</flammability>
		<drawerType>MapMeshAndRealTime</drawerType>
		<specialDisplayRadius>7.9</specialDisplayRadius>
		<costList>
			<li>
				<thingDef>SteelBars</thingDef>
				<count>60</count>
			</li>
		</costList>
		<filthLeavings>
			<li>
				<thingDef>SlagRubble</thingDef>
				<count>1</count>
			</li>
		</filthLeavings>
		<overdraw>false</overdraw>
		<pathCost>30</pathCost>
		<designationCategory>Misc</designationCategory>
		<sunShadowInfo>
			<basewidth>0.3</basewidth>
			<baseHeight>0.3</baseHeight>
			<tallness>0.6</tallness>
		</sunShadowInfo>
		<rotatable>false</rotatable>
		<placementRestricters>
			<li>PlacementRestricter_NotUnderRoof</li>
		</placementRestricters>
		<designationHotKey>O</designationHotKey>
		<researchPrerequisite>Communication</researchPrerequisite>
	</ThingDef>

	<ThingDef ParentName="BuildingBase">
		<defName>ResearchBench</defName>
		<eType>Building_ResearchBench</eType>
		<label>Research Bench</label>
		<thingClass>Building_ResearchBench</thingClass>
		<texturePath>Things/Building/SCMisc/ResearchBench3x1</texturePath>
		<altitudeLayer>Waist</altitudeLayer>
		<passability>Impassable</passability>
		<castEdgeShadows>true</castEdgeShadows>
		<maxHealth>120</maxHealth>
		<flammability>1.0</flammability>
		<description>Researchers work here to discover new things.</description>
		<size>(3,1)</size>
		<workToBuild>3000</workToBuild>
		<costList>
			<li>
				<thingDef>SteelBars</thingDef>
				<count>40</count>
			</li>
			<li>
				<thingDef>WoodPlank</thingDef>
				<count>40</count>
			</li>
		</costList>
		<overdraw>false</overdraw>
		<fillPercent>0.4</fillPercent>
		<killedLeavings>
			<li>
				<thingDef>ChunkSlag</thingDef>
				<count>4</count>
			</li>
		</killedLeavings>
		<filthLeavings>
			<li>
				<thingDef>SlagRubble</thingDef>
				<count>2</count>
			</li>
		</filthLeavings>
		<leaveResourcesWhenKilled>true</leaveResourcesWhenKilled>
		<interactionSquareOffset>(0,0,-1)</interactionSquareOffset>
		<hasInteractionSquare>true</hasInteractionSquare>
		<surfaceNeeded>Heavy</surfaceNeeded>
		<designationCategory>Misc</designationCategory>
		<staticSunShadowHeight>0.20</staticSunShadowHeight>
		<itemSurface>true</itemSurface>
		<designationHotKey>N</designationHotKey>
	</ThingDef>
	
	<ThingDef ParentName="BuildingBase">
		<defName>ShootingRange</defName>
		<eType>BuildingComplex</eType>
		<label>Shooting Range</label>
		<thingClass>SuperiorCrafting.Building_ShootingRange</thingClass>
		<texturePath>Things/Building/SCMisc/ShootingRange1x6</texturePath>
		<hasInteractionSquare>True</hasInteractionSquare>
		<interactionSquareOffset>(0,0,-3)</interactionSquareOffset>
		<altitudeLayer>Waist</altitudeLayer>
		<passability>Standable</passability>
		<castEdgeShadows>true</castEdgeShadows>
		<fillPercent>.2</fillPercent>
		<maxHealth>120</maxHealth>
		<flammability>1.0</flammability>
		<tickerType>Normal</tickerType>
		<description>A shooting range your colonists can practice their shooting skills at.  Works automatically if colonist is set as a hunter, and uses that priority.  Will practice shooting when not given an animal to hunt.</description>
		<size>(1,6)</size>
		<workToBuild>1500</workToBuild>
		<costList>
			<li>
				<thingDef>Sand</thingDef>
				<count>30</count>
			</li>
			<li>
				<thingDef>WoodPlank</thingDef>
				<count>30</count>
			</li>
		</costList>
		<overdraw>false</overdraw>
		<comps>
			<li>
				<compClass>CompMannable</compClass>
			</li>
		</comps>
		<leaveResourcesWhenKilled>true</leaveResourcesWhenKilled>
		<killedLeavings>
			<li>
				<thingDef>ChunkSlag</thingDef>
				<count>1</count>
			</li>
		</killedLeavings>
		<filthLeavings>
			<li>
				<thingDef>SlagRubble</thingDef>
				<count>2</count>
			</li>
		</filthLeavings>
		<surfaceNeeded>Light</surfaceNeeded>
		<designationCategory>Misc</designationCategory>
		<staticSunShadowHeight>1.0</staticSunShadowHeight>
		<blockLight>false</blockLight>
	</ThingDef>
	
	<ThingDef ParentName="BuildingBase">
		<defName>EquipmentRackWood</defName>
		<eType>BuildingInert</eType>
		<label>Storage (Raw Food)</label>
		<thingClass>Building_Storage</thingClass>
		<texturePath>Things/Building/SCMisc/FoodRack1x1</texturePath>
		<altitudeLayer>Waist</altitudeLayer>
		<passability>PassThroughOnly</passability>
		<pathCost>30</pathCost>
		<castEdgeShadows>true</castEdgeShadows>
		<overdraw>false</overdraw>
		<maxHealth>40</maxHealth>
		<flammability>1.0</flammability>
		<description>Haulers can carry raw food here for storage.</description>
		<size>(1,1)</size>
		<workToBuild>1000</workToBuild>
		<costList>
			<li>
				<thingDef>WoodPlank</thingDef>
				<count>20</count>
			</li>
		</costList>
		<killedLeavings>
			<li>
				<thingDef>WoodPlank</thingDef>
				<count>3</count>
			</li>
		</killedLeavings>
		<filthLeavings>
			<li>
				<thingDef>WoodRubble</thingDef>
				<count>2</count>
			</li>
		</filthLeavings>
		<building>
			<fixedStorageSettings>
				<priority>Important</priority>
				<allowances>
					<categories>
						<li>MeatRaw</li>
						<li>PlantFoodRaw</li>
					</categories>
				</allowances>
			</fixedStorageSettings> 
		</building>
		<inspectorTabs>
			<li>ITab_Storage</li>
		</inspectorTabs>
		<designationCategory>Misc</designationCategory>
		<staticSunShadowHeight>0.5</staticSunShadowHeight>
		<itemSurface>true</itemSurface>
	</ThingDef>
  
	<ThingDef ParentName="BuildingBase">
		<defName>EquipmentRack</defName>
		<eType>BuildingInert</eType>
		<label>Storage (Equipment)</label>
		<thingClass>Building_Storage</thingClass>
		<texturePath>Things/Building/SCMisc/EquipmentRack1x1</texturePath>
		<altitudeLayer>Waist</altitudeLayer>
		<passability>Impassable</passability>
		<castEdgeShadows>true</castEdgeShadows>
		<overdraw>false</overdraw>
		<maxHealth>40</maxHealth>
		<flammability>0</flammability>
		<description>Haulers can carry equipment here for storage.</description>
		<size>(1,1)</size>
		<workToBuild>1000</workToBuild>
		<costList>
			<li>
				<thingDef>SteelBars</thingDef>
				<count>20</count>
			</li>
		</costList>
		<killedLeavings>
			<li>
				<thingDef>ChunkSlag</thingDef>
				<count>1</count>
			</li>
		</killedLeavings>
		<filthLeavings>
			<li>
				<thingDef>SlagRubble</thingDef>
				<count>2</count>
			</li>
		</filthLeavings>
		<building>
			<fixedStorageSettings>
				<priority>Important</priority>
				<allowances>
					<categories>
						<li>Weapons</li>
						<li>Apparel</li>
					</categories>
				</allowances>
			</fixedStorageSettings> 
		</building>
		<inspectorTabs>
			<li>ITab_Storage</li>
		</inspectorTabs>
		<designationCategory>Misc</designationCategory>
		<staticSunShadowHeight>0.5</staticSunShadowHeight>
		<itemSurface>true</itemSurface>
		<designationHotKey>I</designationHotKey>
		<researchPrerequisite>ConstructionI</researchPrerequisite>
	</ThingDef>
  
	<ThingDef ParentName="BuildingBase">
		<defName>SunLamp</defName>
		<eType>BuildingComplex</eType>
		<label>Sun Lamp</label>
		<thingClass>Building</thingClass>
		<category>Building</category>
		<texturePath>Things/Building/SCMisc/SunLamp1x1</texturePath>
		<altitudeLayer>BuildingTall</altitudeLayer>
		<passability>PassThroughOnly</passability>
		<maxHealth>60</maxHealth>
		<flammability>1.0</flammability>
		<selectable>true</selectable>
		<description>Lights an area brightly enough to grow crops.</description>
		<size>(1,1)</size>
		<workToBuild>1500</workToBuild>
		<costList>
			<li>
				<thingDef>SteelBars</thingDef>
				<count>20</count>
			</li>
			<li>
				<thingDef>Glass</thingDef>
				<count>10</count>
			</li>
		</costList>
		<soundBulletHit>BulletImpactMetal</soundBulletHit>
		<leaveResourcesWhenKilled>false</leaveResourcesWhenKilled>
		<comps>
			<li>
				<compClass>CompGlower</compClass>
				<overlightRadius>7.0</overlightRadius>
				<glowRadius>14</glowRadius>
				<glowColor>(370,370,370,0)</glowColor>
			</li>
			<li>
				<compClass>CompPowerTrader</compClass>
				<startElectricalFires>true</startElectricalFires>
				<soundPowerOn>PowerOnSmall</soundPowerOn>
				<soundPowerOff>PowerOffSmall</soundPowerOff>
				<basePowerConsumption>500</basePowerConsumption>
			</li>
		</comps>
		<!-- Determined by trial and error
		This value isn't perfect because these radii use different algorithms
		but it matches in this case-->
		<specialDisplayRadius>5.8</specialDisplayRadius>
		<designationCategory>Misc</designationCategory>
		<sunShadowInfo>
			<basewidth>0.2</basewidth>
			<baseHeight>0.2</baseHeight>
			<tallness>0.4</tallness>
			<offset>(0,0,-0.1)</offset>
		</sunShadowInfo>
		<rotatable>false</rotatable>
		<designationHotKey>U</designationHotKey>
		<researchPrerequisite>Hydroponics</researchPrerequisite>
	</ThingDef>
  
  
</Buildings>