﻿<?xml version="1.0" encoding="utf-8" ?>
<Plants>


	<ThingDef Name="PlantBase" Abstract="True">
		<eType>Plant</eType>
		<category>Plant</category>
		<thingClass>Plant</thingClass>
		<altitudeLayer>LowPlant</altitudeLayer>
		<flammability>1.0</flammability>
		<useStandardHealth>True</useStandardHealth>
		<maxHealth>75</maxHealth>
		<tickerType>Rare</tickerType>
		<selectable>False</selectable>
		<neverMultiSelect>True</neverMultiSelect>
		<drawerType>MapMeshOnly</drawerType>
		<baseMaterialType>PlantCutout</baseMaterialType>
		<plant>
      <harvestDestroys>true</harvestDestroys>
      <harvestingSound>Harvest_Standard</harvestingSound>
      <harvestFinishSound>Harvest_Standard_Finish</harvestFinishSound>
      <sowWork>150</sowWork>
      <fertilityMin>0.5</fertilityMin>
      <fertilityFactorGrowthRate>1.0</fertilityFactorGrowthRate>
      <topWindExposure>0.1</topWindExposure>
      <growthPer20kTicks>0.48</growthPer20kTicks>
      <growMinGlow>Overlit</growMinGlow>
      <lifeSpan>200000</lifeSpan>
			<seedShootMinGrowthPercent>0.6</seedShootMinGrowthPercent>
			<visualSizeRange>
				<min>0.3</min>
				<max>1.00</max>
			</visualSizeRange>
		</plant>
	</ThingDef>


	<!--=========================== Crops ==============================-->


	<ThingDef ParentName="PlantBase">
		<defName>PlantAgaveCultivated</defName>
		<label>Agave plant</label>
		<maxHealth>120</maxHealth>
		<description>A cultivated version of the Agave plantthat can be grown in fields or the hydroponics basin.</description>
		<beauty>Neutral</beauty>
		<textureFolderPath>Things/Plant/Agave</textureFolderPath>
		<selectable>true</selectable>
		<pathCost>10</pathCost>
		<food>
			<quality>Plant</quality>
			<nutrition>40</nutrition>
		</food>
		<plant>
			<shootsSeeds>false</shootsSeeds>
			<harvestTag>Food</harvestTag>
			<harvestedThingDef>RawAgave</harvestedThingDef>
			<harvestDestroys>false</harvestDestroys>
			<harvestYieldRange>
				<min>2</min>
				<max>4</max>
			</harvestYieldRange>
			<sowableGround>false</sowableGround>
			<sowableHydroponic>false</sowableHydroponic>
			<topWindExposure>0.1</topWindExposure>
			<growthPer20kTicks>0.3</growthPer20kTicks>
			<lifeSpan>200000</lifeSpan>
			<fertilityFactorGrowthRate>0.4</fertilityFactorGrowthRate>
			<visualSizeRange>
				<min>0.3</min>
				<max>1.05</max>
			</visualSizeRange>
		</plant>
	</ThingDef>
	
	<ThingDef ParentName="PlantBase">
		<defName>PlantPotato</defName>
		<label>Potato plant</label>
		<maxHealth>85</maxHealth>
		<description>A simple, highly nutritious tuber. Grows well in relatively poor soil.</description>
		<beauty>NiceTiny</beauty>
		<textureFolderPath>Things/Plant/PotatoPlant</textureFolderPath>
		<selectable>true</selectable>
		<pathCost>10</pathCost>
		<food>
			<quality>Plant</quality>
			<nutrition>40</nutrition>
		</food>
		<plant>
			<shootsSeeds>false</shootsSeeds>
			<harvestTag>Food</harvestTag>
			<harvestedThingDef>RawPotatoes</harvestedThingDef>
			<harvestDestroys>true</harvestDestroys>
			<harvestYieldRange>
				<min>3</min>
				<max>6</max>
			</harvestYieldRange>
			<sowableGround>true</sowableGround>
			<sowableHydroponic>true</sowableHydroponic>
			<topWindExposure>0.1</topWindExposure>
			<growthPer20kTicks>0.5</growthPer20kTicks>
			<lifeSpan>200000</lifeSpan>
			<fertilityFactorGrowthRate>0.4</fertilityFactorGrowthRate>
			<visualSizeRange>
				<min>0.3</min>
				<max>1.05</max>
			</visualSizeRange>
		</plant>
	</ThingDef>
	
	<ThingDef ParentName="PlantBase">
		<defName>PlantStrawberry</defName>
		<label>Strawberry plant</label>
		<maxHealth>85</maxHealth>
		<description>A fragile but tasty fruit. Delicious even when raw, it needs rich soil to grow properly.</description>
		<beauty>NiceTiny</beauty>
		<textureFolderPath>Things/Plant/StrawberryPlant</textureFolderPath>
		<selectable>true</selectable>
		<pathCost>10</pathCost>
		<food>
			<quality>Plant</quality>
			<nutrition>40</nutrition>
		</food>
		<plant>
      <shootsSeeds>false</shootsSeeds>
      <harvestTag>Food</harvestTag>
      <harvestedThingDef>RawBerries</harvestedThingDef>
      <harvestDestroys>true</harvestDestroys>
      <harvestYieldRange>
        <min>3</min>
        <max>6</max>
      </harvestYieldRange>
      <sowableGround>false</sowableGround>
      <sowableHydroponic>false</sowableHydroponic>
      <topWindExposure>0.1</topWindExposure>
			<growthPer20kTicks>0.4</growthPer20kTicks>
			<lifeSpan>200000</lifeSpan>
			<fertilityFactorGrowthRate>1</fertilityFactorGrowthRate>
			<visualSizeRange>
				<min>0.3</min>
				<max>1.05</max>
			</visualSizeRange>
		</plant>
	</ThingDef>

	<ThingDef ParentName="PlantBase">
		<defName>PlantCotton</defName>
		<label>Cotton plant</label>
		<maxHealth>85</maxHealth>
		<description>Raw cotton can be harvested from this plant, which can then be processed into cloth.</description>
		<beauty>NiceTiny</beauty>
		<textureFolderPath>Things/Plant/CottonPlant</textureFolderPath>
		<selectable>true</selectable>
		<sunShadowInfo>
			<baseWidth>0.2</baseWidth>
			<baseHeight>0.2</baseHeight>
			<tallness>0.2</tallness>
		</sunShadowInfo>
		<pathCost>10</pathCost>
		<food>
			<quality>Plant</quality>
			<nutrition>40</nutrition>
		</food>
		<plant>
			<harvestTag>Resource</harvestTag>
			<harvestedThingDef>CottonRaw</harvestedThingDef>
			<harvestDestroys>true</harvestDestroys>
			<harvestYieldRange>
				<min>2</min>
				<max>4</max>
			</harvestYieldRange>
			<sowableGround>false</sowableGround>
			<topWindExposure>0.1</topWindExposure>
			<growthPer20kTicks>0.44</growthPer20kTicks>
			<lifeSpan>200000</lifeSpan>
			<fertilityFactorGrowthRate>0.8</fertilityFactorGrowthRate>
			<visualSizeRange>
				<min>0.3</min>
				<max>1.05</max>
			</visualSizeRange>
		</plant>
	</ThingDef>


	<!--=========================== Shrooms ==============================-->


	<ThingDef Name="ShroomBase" Abstract="True">
		<eType>Plant</eType>
		<category>Plant</category>
		<thingClass>PlantNight</thingClass>
		<altitudeLayer>LowPlant</altitudeLayer>
		<flammability>1.0</flammability>
		<useStandardHealth>True</useStandardHealth>
		<maxHealth>75</maxHealth>
		<tickerType>Rare</tickerType>
		<selectable>False</selectable>
		<neverMultiSelect>True</neverMultiSelect>
		<drawerType>MapMeshOnly</drawerType>
		<baseMaterialType>PlantCutout</baseMaterialType>
		<plant>
			<harvestDestroys>true</harvestDestroys>
			<harvestingSound>Harvest_Standard</harvestingSound>
			<harvestFinishSound>Harvest_Standard_Finish</harvestFinishSound>
			<sowWork>150</sowWork>
			<fertilityMin>0.5</fertilityMin>
			<fertilityFactorGrowthRate>1.0</fertilityFactorGrowthRate>
			<topWindExposure>0.3</topWindExposure>
			<growthPer20kTicks>0.48</growthPer20kTicks>
			<lifeSpan>200000</lifeSpan>
			<growMinGlow>Dark</growMinGlow>
			<seedShootMinGrowthPercent>0.6</seedShootMinGrowthPercent>
			<visualSizeRange>
				<min>0.3</min>
				<max>1.00</max>
			</visualSizeRange>
		</plant>
	</ThingDef>
	
	<ThingDef ParentName="ShroomBase">
		<defName>FarmedMushroom</defName>
		<label>Patch of Mushrooms</label>
		<maxHealth>85</maxHealth>
		<description>A Patch of Tasty Mushrooms.</description>
		<beauty>Neutral</beauty>
		<textureFolderPath>Things/Plant/ShroomPlant</textureFolderPath>
		<selectable>true</selectable>
		<pathCost>30</pathCost>
		<sunShadowInfo>
			<baseWidth>0.19</baseWidth>
			<baseHeight>0.19</baseHeight>
			<tallness>0.22</tallness>
		</sunShadowInfo>
		<food>
			<quality>Plant</quality>
			<nutrition>40</nutrition>
		</food>
		<plant>
			<harvestTag>Food</harvestTag>
			<harvestedThingDef>RawShrooms</harvestedThingDef>
			<sowableGround>true</sowableGround>
			<harvestDestroys>true</harvestDestroys>
			<harvestYieldRange>
				<min>4</min>
				<max>8</max>
			</harvestYieldRange>
			<sowableGround>false</sowableGround>
			<sowableHydroponic>false</sowableHydroponic>
			<topWindExposure>0.3</topWindExposure>
			<growthPer20kTicks>0.48</growthPer20kTicks>
			<lifeSpan>500000</lifeSpan>
			<fertilityFactorGrowthRate>0.5</fertilityFactorGrowthRate>
			<visualSizeRange>
				<min>0.7</min>
				<max>1.1</max>
			</visualSizeRange>
		</plant>		
	</ThingDef>
	
	<ThingDef ParentName="ShroomBase">
		<defName>FarmedMushroomTwo</defName>
		<label>Patch of Mushrooms</label>
		<maxHealth>85</maxHealth>
		<description>A Patch of Tasty Mushrooms.</description>
		<beauty>Neutral</beauty>
		<textureFolderPath>Things/Plant/ShroomPlant</textureFolderPath>
		<selectable>true</selectable>
		<pathCost>30</pathCost>
		<sunShadowInfo>
			<baseWidth>0.19</baseWidth>
			<baseHeight>0.19</baseHeight>
			<tallness>0.22</tallness>
		</sunShadowInfo>
		<food>
			<quality>Plant</quality>
			<nutrition>40</nutrition>
		</food>
		<plant>
			<harvestTag>Food</harvestTag>
			<harvestedThingDef>RawShrooms</harvestedThingDef>
			<sowableGround>true</sowableGround>
			<harvestDestroys>true</harvestDestroys>
			<harvestYieldRange>
				<min>4</min>
				<max>8</max>
			</harvestYieldRange>
			<sowableGround>true</sowableGround>
			<sowableHydroponic>true</sowableHydroponic>
			<topWindExposure>0.3</topWindExposure>
			<growthPer20kTicks>0.48</growthPer20kTicks>
			<lifeSpan>500000</lifeSpan>
			<fertilityFactorGrowthRate>0.5</fertilityFactorGrowthRate>
			<visualSizeRange>
				<min>0.7</min>
				<max>1.1</max>
			</visualSizeRange>
		</plant>		
	</ThingDef>


</Plants>