<?xml version="1.0" encoding="utf-8" ?>
<RecipeDefs>


	<RecipeDef>
		<defName>LearnConstruction</defName>
		<label>Learn Construction</label>
		<description>Increases your construction skill 1000 point by viewing a tape.</description>
		<jobString>Learning.</jobString>
		<workAmount>8000</workAmount>
		<workEffect>Research</workEffect>
		<sustainerSoundDef>Interact_Research</sustainerSoundDef>
		<ingredients>
			<li>
				<filter>
					<thingDefs>
						<li>ConstructionTape</li>
					</thingDefs>
				</filter>
				<count>1</count>
			</li>
		</ingredients>
		<fixedIngredientFilter>
			<thingDefs>
				<li>ConstructionTape</li>
			</thingDefs>
		</fixedIngredientFilter>
		<skillGains>
			<li>
				<skill>Construction</skill>
				<xp>1000</xp>
			</li>
		</skillGains>
	</RecipeDef>

	<RecipeDef>
		<defName>LearnCooking</defName>
		<label>Learn Cooking</label>
		<description>Increases your cooking skill 1000 point by viewing a tape.</description>
		<jobString>Learning.</jobString>
		<workAmount>8000</workAmount>
		<workEffect>Research</workEffect>
		<sustainerSoundDef>Interact_Research</sustainerSoundDef>
		<ingredients>
			<li>
				<filter>
					<thingDefs>
						<li>CookingTape</li>
					</thingDefs>
				</filter>
				<count>1</count>
			</li>
		</ingredients>
		<fixedIngredientFilter>
			<thingDefs>
				<li>CookingTape</li>
			</thingDefs>
		</fixedIngredientFilter>
		<skillGains>
			<li>
				<skill>Cooking</skill>
				<xp>1000</xp>
			</li>
		</skillGains>
	</RecipeDef>
	
	<RecipeDef>
		<defName>LearnCrafting</defName>
		<label>Learn Crafting</label>
		<description>Increases your crafting skill 1000 point by viewing a tape.</description>
		<jobString>Learning.</jobString>
		<workAmount>8000</workAmount>
		<workEffect>Research</workEffect>
		<sustainerSoundDef>Interact_Research</sustainerSoundDef>
		<ingredients>
			<li>
				<filter>
					<thingDefs>
						<li>CraftingTape</li>
					</thingDefs>
				</filter>
				<count>1</count>
			</li>
		</ingredients>
		<fixedIngredientFilter>
			<thingDefs>
				<li>CraftingTape</li>
			</thingDefs>
		</fixedIngredientFilter>
		<skillGains>
			<li>
				<skill>Crafting</skill>
				<xp>1000</xp>
			</li>
		</skillGains>
	</RecipeDef>
	
	<RecipeDef>
		<defName>LearnGrowing</defName>
		<label>Learn Growing</label>
		<description>Increases your growing skill 1000 point by viewing a tape.</description>
		<jobString>Learning.</jobString>
		<workAmount>8000</workAmount>
		<workEffect>Research</workEffect>
		<sustainerSoundDef>Interact_Research</sustainerSoundDef>
		<ingredients>
			<li>
				<filter>
					<thingDefs>
						<li>GrowingTape</li>
					</thingDefs>
				</filter>
				<count>1</count>
			</li>
		</ingredients>
		<fixedIngredientFilter>
			<thingDefs>
				<li>GrowingTape</li>
			</thingDefs>
		</fixedIngredientFilter>
		<skillGains>
			<li>
				<skill>Growing</skill>
				<xp>1000</xp>
			</li>
		</skillGains>
	</RecipeDef>
	
	<RecipeDef>
		<defName>LearnMedical</defName>
		<label>Learn Medical</label>
		<description>Increases your medical skill 1000 point by viewing a tape.</description>
		<jobString>Learning.</jobString>
		<workAmount>8000</workAmount>
		<workEffect>Research</workEffect>
		<sustainerSoundDef>Interact_Research</sustainerSoundDef>
		<ingredients>
			<li>
				<filter>
					<thingDefs>
						<li>MedicalTape</li>
					</thingDefs>
				</filter>
				<count>1</count>
			</li>
		</ingredients>
		<fixedIngredientFilter>
			<thingDefs>
				<li>MedicalTape</li>
			</thingDefs>
		</fixedIngredientFilter>
		<skillGains>
			<li>
				<skill>Medicine</skill>
				<xp>1000</xp>
			</li>
		</skillGains>
	</RecipeDef>

	<RecipeDef>
		<defName>LearnMining</defName>
		<label>Learn Mining</label>
		<description>Increases your mining skill 1000 point by viewing a tape.</description>
		<jobString>Learning.</jobString>
		<workAmount>8000</workAmount>
		<workEffect>Research</workEffect>
		<sustainerSoundDef>Interact_Research</sustainerSoundDef>
		<ingredients>
			<li>
				<filter>
					<thingDefs>
						<li>MiningTape</li>
					</thingDefs>
				</filter>
				<count>1</count>
			</li>
		</ingredients>
		<fixedIngredientFilter>
			<thingDefs>
				<li>MiningTape</li>
			</thingDefs>
		</fixedIngredientFilter>
		<skillGains>
			<li>
				<skill>Mining</skill>
				<xp>1000</xp>
			</li>
		</skillGains>
	</RecipeDef>
	
	<RecipeDef>
		<defName>LearnResearch</defName>
		<label>Learn Research</label>
		<description>Increases your research skill 1000 point by viewing a tape.</description>
		<jobString>Learning.</jobString>
		<workAmount>8000</workAmount>
		<workEffect>Research</workEffect>
		<sustainerSoundDef>Interact_Research</sustainerSoundDef>
		<ingredients>
			<li>
				<filter>
					<thingDefs>
						<li>ResearchTape</li>
					</thingDefs>
				</filter>
				<count>1</count>
			</li>
		</ingredients>
		<fixedIngredientFilter>
			<thingDefs>
				<li>ResearchTape</li>
			</thingDefs>
		</fixedIngredientFilter>
		<skillGains>
			<li>
				<skill>Research</skill>
				<xp>1000</xp>
			</li>
		</skillGains>
	</RecipeDef>
	
	<RecipeDef>
		<defName>LearnSocial</defName>
		<label>Learn Social</label>
		<description>Increases your social skill 1000 point by viewing a tape.</description>
		<jobString>Learning.</jobString>
		<workAmount>8000</workAmount>
		<workEffect>Research</workEffect>
		<sustainerSoundDef>Interact_Research</sustainerSoundDef>
		<ingredients>
			<li>
				<filter>
					<thingDefs>
						<li>SocialTape</li>
					</thingDefs>
				</filter>
				<count>1</count>
			</li>
		</ingredients>
		<fixedIngredientFilter>
			<thingDefs>
				<li>SocialTape</li>
			</thingDefs>
		</fixedIngredientFilter>
		<skillGains>
			<li>
				<skill>Social</skill>
				<xp>1000</xp>
			</li>
		</skillGains>
	</RecipeDef>
	
	
</RecipeDefs>