﻿<?xml version="1.0" encoding="utf-8" ?>
<Defs>

  <BiomeDef>
    <defName>AridShrubland</defName>
    <label>Arid shrubland</label>
    <description>A dry region, but not dry enough to become a true desert. Open plains with grasses and bushes give way to scattered groves of trees. Plants are hardy and there is a moderate density of animals.</description>
    <animalDensity>4.0</animalDensity>
    <plantDensity>0.5</plantDensity>
    <baseColor>(0.447, 0.369, 0.298)</baseColor>
    <terrainsByElevation>
      <li>
        <terrain>RoughStone</terrain>
        <min>0.61</min>
        <max>999</max>
      </li>    
      <li>
        <terrain>Gravel</terrain>
        <min>0.55</min>
        <max>0.61</max>
      </li>
      <li>
        <terrain>RoughStone</terrain>
        <min>0.61</min>
        <max>999</max>
      </li>
    </terrainsByElevation>
    <terrainsByFertility>
      <li>
        <terrain>Sand</terrain>
        <min>-999</min>
        <max>0.45</max>
      </li>
      <li>
        <terrain>Soil</terrain>
        <min>0.45</min>
        <max>0.90</max>
      </li>
      <li>
        <terrain>SoilRich</terrain>
        <min>0.90</min>
        <max>999</max>
      </li>
    </terrainsByFertility>   
    <baseWeatherCommonalities>
      <li>
        <weather>Clear</weather>
        <commonality>16</commonality>
      </li>
      <li>
        <weather>Fog</weather>
        <commonality>1</commonality>
      </li>
      <li>
        <weather>Rain</weather>
        <commonality>2</commonality>
      </li>
      <li>
        <weather>DryThunderstorm</weather>
        <commonality>2</commonality>
      </li>
      <li>
        <weather>RainyThunderstorm</weather>
        <commonality>2</commonality>
      </li>
      <li>
        <weather>FoggyRain</weather>
        <commonality>1</commonality>
      </li>
    </baseWeatherCommonalities>
    <ambientSounds>
      <li>AmbientNightInsects</li>
    </ambientSounds>
    <wildPlants>
      <li>
        <plant>PlantAgave</plant>
        <commonality>0.3</commonality>
      </li>
	  <li>
        <plant>FarmedMushroom</plant>
        <commonality>0.15</commonality>
      </li>
       <li>
        <plant>PlantSaguaroCactus</plant>
        <commonality>0.3</commonality>
      </li>     
       <li>
        <plant>PlantPincushionCactus</plant>
        <commonality>0.6</commonality>
      </li>
      <li>
        <plant>PlantRaspberry</plant>
        <commonality>0.1</commonality>
      </li>
      <li>
        <plant>PlantBush</plant>
        <commonality>0.7</commonality>
      </li>
      <li>
        <plant>PlantGrass</plant>
        <commonality>6.9</commonality>
      </li>
      <li>
        <plant>PlantDandelion</plant>
        <commonality>0.8</commonality>
      </li>
      <li>
        <plant>PlantTreeOak</plant>
        <commonality>0.25</commonality>
      </li>
      <li>
        <plant>PlantTreePoplar</plant>
        <commonality>0.35</commonality>
      </li>    
    </wildPlants>
    <wildAnimals>
      <li>
        <animal>Muffalo</animal>
        <commonality>0.5</commonality>
      </li>
      <li>
        <animal>Squirrel</animal>
        <commonality>1</commonality>
      </li>
      <li>
        <animal>Boomrat</animal>
        <commonality>1</commonality>
      </li>
      <li>
        <animal>Iguana</animal>
        <commonality>0.2</commonality>
      </li>
    </wildAnimals>
  </BiomeDef>


  
  
  
  
  <BiomeDef>
    <defName>TemperateForest</defName>
    <label>Temperate forest</label>
    <description>A friendly biome dominated by forests of deciduous trees interspersed with fertile clearings. Many specials of animals move around in the trees and on the plains.</description>
    <animalDensity>6.0</animalDensity>
    <plantDensity>0.82</plantDensity>
    <baseColor>(0.341, 0.525, 0.180)</baseColor>
    <terrainsByElevation>
      <li>
        <terrain>Gravel</terrain>
        <min>0.55</min>
        <max>0.61</max>
      </li>
      <li>
        <terrain>RoughStone</terrain>
        <min>0.61</min>
        <max>999</max>
      </li>
    </terrainsByElevation>
    <terrainsByFertility>
      <li>
        <terrain>Soil</terrain>
        <min>-999</min>
        <max>0.87</max>
      </li>
      <li>
        <terrain>SoilRich</terrain>
        <min>0.87</min>
        <max>999</max>
      </li>
    </terrainsByFertility>
    <terrainPatchMakers>
      <li>
        <perlinFrequency>0.015</perlinFrequency>
        <thresholds>
          <li>
            <terrain>SoilRich</terrain>
            <min>0.73</min>
            <max>0.80</max>
          </li>
          <li>
            <terrain>Mud</terrain>
            <min>0.80</min>
            <max>0.93</max>
          </li>
          <li>
            <terrain>WaterShallow</terrain>
            <min>0.93</min>
            <max>1.06</max>
          </li>
          <li>
            <terrain>WaterDeep</terrain>
            <min>1.06</min>
            <max>999</max>
          </li>
        </thresholds>
      </li>
    </terrainPatchMakers>
    <baseWeatherCommonalities>
      <li>
        <weather>Clear</weather>
        <commonality>16</commonality>
      </li>
      <li>
        <weather>Fog</weather>
        <commonality>2</commonality>
      </li>
      <li>
        <weather>Rain</weather>
        <commonality>2</commonality>
      </li>
      <li>
        <weather>DryThunderstorm</weather>
        <commonality>2</commonality>
      </li>
      <li>
        <weather>RainyThunderstorm</weather>
        <commonality>2</commonality>
      </li>
      <li>
        <weather>FoggyRain</weather>
        <commonality>2</commonality>
      </li>
    </baseWeatherCommonalities>
    <ambientSounds>
      <li>AmbientNightInsects</li>
    </ambientSounds>
    <wildPlants>
      <li>
        <plant>PlantRaspberry</plant>
        <commonality>0.6</commonality>
      </li>
	  <li>
        <plant>FarmedMushroom</plant>
        <commonality>0.15</commonality>
      </li>
      <li>
        <plant>PlantBush</plant>
        <commonality>0.7</commonality>
      </li>
      <li>
        <plant>PlantGrass</plant>
        <commonality>6.9</commonality>
      </li>
      <li>
        <plant>PlantDandelion</plant>
        <commonality>0.8</commonality>
      </li>
      <li>
        <plant>PlantTreeOak</plant>
        <commonality>0.5</commonality>
      </li>
      <li>
        <plant>PlantTreePoplar</plant>
        <commonality>0.5</commonality>
      </li>
    </wildPlants>
    <wildAnimals>
      <li>
        <animal>Deer</animal>
        <commonality>0.5</commonality>
      </li>
      <li>
        <animal>Squirrel</animal>
        <commonality>1</commonality>
      </li>
      <li>
        <animal>Boomrat</animal>
        <commonality>0.2</commonality>
      </li>
    </wildAnimals>
  </BiomeDef>

</Defs>