﻿<?xml version="1.0" encoding="utf-8" ?>
<Buildings>


	<ThingDef Name="BuildingBase" Abstract="True">
		<category>Building</category>
		<thingClass>Building</thingClass>
		<soundBulletHit>BulletImpactMetal</soundBulletHit>
		<selectable>true</selectable>
		<drawerType>MapMeshAndRealTime</drawerType>
		<surfaceNeeded>Light</surfaceNeeded>
		<constructionEffect>ConstructMetal</constructionEffect>
		<repairEffect>Repair</repairEffect>
	</ThingDef>


  <!--======================= Chairs ==============================-->
  
  
	<ThingDef ParentName="BuildingBase">
		<defName>Stool_Wood</defName>
		<eType>Building_Chair</eType>
		<label>Wooden Chair</label>
		<graphicPath>Things/Building/SCFurniture/Chairs/StoolWood</graphicPath>
		<altitudeLayer>Waist</altitudeLayer>
		<maxHealth>30</maxHealth>
		<description>A basic wooden chair people can on.
Beauty:  Neutral
Rest Effectiveness:  40%</description>
		<beauty>Neutral</beauty>
		<size>(1,1)</size>
		<workToBuild>375</workToBuild>
		<constructionEffect>ConstructWood</constructionEffect>
		<constructionAnimation>WoodTiles</constructionAnimation>
		<flammability>1.0</flammability>
		<costList>
			<li>
				<thingDef>WoodPlank</thingDef>
				<count>15</count>
			</li>
		</costList>
		<filthLeavings>
			<li>
				<thingDef>WoodRubble</thingDef>
				<count>1</count>
			</li>
		</filthLeavings>
			<pathCost>30</pathCost>
		<building>
			<bed_RestEffectiveness>0.4</bed_RestEffectiveness>
		</building>
		<designationCategory>Furniture</designationCategory>
		<sunShadowInfo>
			<basewidth>0.3</basewidth>
			<baseHeight>0.3</baseHeight>
			<tallness>0.6</tallness>
		</sunShadowInfo>
	</ThingDef>
  
	<ThingDef ParentName="BuildingBase">
		<defName>Stool_Metal</defName>
		<eType>Building_Chair</eType>
		<label>Metal Chair</label>
		<graphicPath>Things/Building/SCFurniture/Chairs/StoolMetal</graphicPath>
		<altitudeLayer>Waist</altitudeLayer>
		<maxHealth>30</maxHealth>
		<description>A basic metal chair people can sit on.
Beauty:  Neutral
Rest Effectiveness:  60%</description>
		<beauty>Neutral</beauty>
		<size>(1,1)</size>
		<workToBuild>375</workToBuild>
		<flammability>1.0</flammability>
		<costList>
			<li>
				<thingDef>SteelBars</thingDef>
				<count>15</count>
			</li>
		</costList>
		<filthLeavings>
			<li>
			<thingDef>SlagRubble</thingDef>
			<count>1</count>
			</li>
		</filthLeavings>
		<pathCost>30</pathCost>
		<building>
			<bed_RestEffectiveness>0.6</bed_RestEffectiveness>
		</building>
		<designationCategory>Furniture</designationCategory>
		<sunShadowInfo>
			<basewidth>0.3</basewidth>
			<baseHeight>0.3</baseHeight>
			<tallness>0.6</tallness>
		</sunShadowInfo>
		<designationHotKey>C</designationHotKey>
		<researchPrerequisite>ConstructionI</researchPrerequisite>
	</ThingDef>
	
	<ThingDef ParentName="BuildingBase">
		<defName>BarStool</defName>
		<eType>Building_Chair</eType>
		<label>Bar Stool</label>
		<graphicPath>Things/Building/SCFurniture/Chairs/BarStool</graphicPath>
		<altitudeLayer>Waist</altitudeLayer>
		<maxHealth>40</maxHealth>
		<description>A stylish bar stool people can sit on.
Beauty:  Nice "Tiny"
Rest Effectiveness:  80%</description>
		<beauty>NiceTiny</beauty>
		<size>(1,1)</size>
		<workToBuild>500</workToBuild>
		<flammability>1.0</flammability>
		<costList>
			<li>
				<thingDef>SteelBars</thingDef>
				<count>15</count>
			</li>
			<li>
				<thingDef>Glass</thingDef>
				<count>5</count>
			</li>
		</costList>
		<pathCost>30</pathCost>
		<building>
			<bed_RestEffectiveness>0.8</bed_RestEffectiveness>
		</building>
		<designationCategory>Furniture</designationCategory>
		<sunShadowInfo>
			<basewidth>0.3</basewidth>
			<baseHeight>0.3</baseHeight>
			<tallness>0.6</tallness>
		</sunShadowInfo>
		<designationHotKey>C</designationHotKey>
		<researchPrerequisite>CraftingII</researchPrerequisite>
	</ThingDef>
	
	<ThingDef ParentName="BuildingBase">
		<defName>ComfyChairNeutral</defName>
		<eType>Building_Chair</eType>
		<label>Comfy Chair</label>
		<graphicPath>Things/Building/SCFurniture/Chairs/ComfyChairNeutral</graphicPath>
		<altitudeLayer>Waist</altitudeLayer>
		<maxHealth>60</maxHealth>
		<description>A comfy chair people can sit on.
Beauty:  Nice "Tiny"
Rest Effectiveness:  80%</description>
		<beauty>NiceTiny</beauty>
		<size>(1,1)</size>
		<workToBuild>750</workToBuild>
		<flammability>1.0</flammability>
		<costList>
			<li>
				<thingDef>WoodPlank</thingDef>
				<count>20</count>
			</li>
			<li>
				<thingDef>Cloth</thingDef>
				<count>10</count>
			</li>
		</costList>
		<filthLeavings>
			<li>
			<thingDef>WoodRubble</thingDef>
			<count>1</count>
			</li>
		</filthLeavings>
		<pathCost>30</pathCost>
		<building>
			<bed_RestEffectiveness>0.8</bed_RestEffectiveness>
		</building>
		<designationCategory>Furniture</designationCategory>
		<sunShadowInfo>
			<basewidth>0.3</basewidth>
			<baseHeight>0.3</baseHeight>
			<tallness>0.6</tallness>
		</sunShadowInfo>
		<designationHotKey>C</designationHotKey>
		<researchPrerequisite>CraftingII</researchPrerequisite>
	</ThingDef>
	
	<ThingDef ParentName="BuildingBase">
		<defName>ComfyChairBlack</defName>
		<eType>Building_Chair</eType>
		<label>Comfy Chair (Black)</label>
		<graphicPath>Things/Building/SCFurniture/Chairs/ComfyChairBlack</graphicPath>
		<altitudeLayer>Waist</altitudeLayer>
		<maxHealth>60</maxHealth>
		<description>A comfy chair people can sit on.
Beauty:  Nice "Tiny"
Rest Effectiveness:  80%</description>
		<beauty>NiceTiny</beauty>
		<size>(1,1)</size>
		<workToBuild>750</workToBuild>
		<flammability>1.0</flammability>
		<costList>
			<li>
				<thingDef>WoodPlank</thingDef>
				<count>20</count>
			</li>
			<li>
				<thingDef>Cloth</thingDef>
				<count>10</count>
			</li>
		</costList>
		<filthLeavings>
			<li>
			<thingDef>WoodRubble</thingDef>
			<count>1</count>
			</li>
		</filthLeavings>
		<pathCost>30</pathCost>
		<building>
			<bed_RestEffectiveness>0.8</bed_RestEffectiveness>
		</building>
		<designationCategory>Furniture</designationCategory>
		<sunShadowInfo>
			<basewidth>0.3</basewidth>
			<baseHeight>0.3</baseHeight>
			<tallness>0.6</tallness>
		</sunShadowInfo>
		<designationHotKey>C</designationHotKey>
		<researchPrerequisite>CarpetMaking</researchPrerequisite>
	</ThingDef>

	<ThingDef ParentName="BuildingBase">
		<defName>ComfyChairRose</defName>
		<eType>Building_Chair</eType>
		<label>Comfy Chair (Rose)</label>
		<graphicPath>Things/Building/SCFurniture/Chairs/ComfyChairRose</graphicPath>
		<altitudeLayer>Waist</altitudeLayer>
		<maxHealth>60</maxHealth>
		<description>A comfy chair people can sit on.
Beauty:  Nice "Tiny"
Rest Effectiveness:  80%</description>
		<beauty>NiceTiny</beauty>
		<size>(1,1)</size>
		<workToBuild>750</workToBuild>
		<flammability>1.0</flammability>
		<costList>
			<li>
				<thingDef>WoodPlank</thingDef>
				<count>20</count>
			</li>
			<li>
				<thingDef>Cloth</thingDef>
				<count>10</count>
			</li>
		</costList>
		<filthLeavings>
			<li>
			<thingDef>WoodRubble</thingDef>
			<count>1</count>
			</li>
		</filthLeavings>
		<pathCost>30</pathCost>
		<building>
			<bed_RestEffectiveness>0.8</bed_RestEffectiveness>
		</building>
		<designationCategory>Furniture</designationCategory>
		<sunShadowInfo>
			<basewidth>0.3</basewidth>
			<baseHeight>0.3</baseHeight>
			<tallness>0.6</tallness>
		</sunShadowInfo>
		<designationHotKey>C</designationHotKey>
		<researchPrerequisite>CarpetMaking</researchPrerequisite>
	</ThingDef>
	
	<ThingDef ParentName="BuildingBase">
		<defName>ComfyChairTan</defName>
		<eType>Building_Chair</eType>
		<label>Comfy Chair (Tan)</label>
		<graphicPath>Things/Building/SCFurniture/Chairs/ComfyChairTan</graphicPath>
		<altitudeLayer>Waist</altitudeLayer>
		<maxHealth>60</maxHealth>
		<description>A comfy chair people can sit on.
Beauty:  Nice "Tiny"
Rest Effectiveness:  80%</description>
		<beauty>NiceTiny</beauty>
		<size>(1,1)</size>
		<workToBuild>750</workToBuild>
		<flammability>1.0</flammability>
		<costList>
			<li>
				<thingDef>WoodPlank</thingDef>
				<count>20</count>
			</li>
			<li>
				<thingDef>Cloth</thingDef>
				<count>10</count>
			</li>
		</costList>
		<filthLeavings>
			<li>
			<thingDef>WoodRubble</thingDef>
			<count>1</count>
			</li>
		</filthLeavings>
		<pathCost>30</pathCost>
		<building>
			<bed_RestEffectiveness>0.8</bed_RestEffectiveness>
		</building>
		<designationCategory>Furniture</designationCategory>
		<sunShadowInfo>
			<basewidth>0.3</basewidth>
			<baseHeight>0.3</baseHeight>
			<tallness>0.6</tallness>
		</sunShadowInfo>
		<designationHotKey>C</designationHotKey>
		<researchPrerequisite>CarpetMaking</researchPrerequisite>
	</ThingDef>
	
	<ThingDef ParentName="BuildingBase">
		<defName>ComfyChairWhite</defName>
		<eType>Building_Chair</eType>
		<label>Comfy Chair (White)</label>
		<graphicPath>Things/Building/SCFurniture/Chairs/ComfyChairWhite</graphicPath>
		<altitudeLayer>Waist</altitudeLayer>
		<maxHealth>60</maxHealth>
		<description>A comfy chair people can sit on.
Beauty:  Nice "Tiny"
Rest Effectiveness:  80%</description>
		<beauty>NiceTiny</beauty>
		<size>(1,1)</size>
		<workToBuild>750</workToBuild>
		<flammability>1.0</flammability>
		<costList>
			<li>
				<thingDef>WoodPlank</thingDef>
				<count>20</count>
			</li>
			<li>
				<thingDef>Cloth</thingDef>
				<count>10</count>
			</li>
		</costList>
		<filthLeavings>
			<li>
			<thingDef>WoodRubble</thingDef>
			<count>1</count>
			</li>
		</filthLeavings>
		<pathCost>30</pathCost>
		<building>
			<bed_RestEffectiveness>0.8</bed_RestEffectiveness>
		</building>
		<designationCategory>Furniture</designationCategory>
		<sunShadowInfo>
			<basewidth>0.3</basewidth>
			<baseHeight>0.3</baseHeight>
			<tallness>0.6</tallness>
		</sunShadowInfo>
		<designationHotKey>C</designationHotKey>
		<researchPrerequisite>CarpetMaking</researchPrerequisite>
	</ThingDef>
	
	<ThingDef ParentName="BuildingBase">
		<defName>ComfyCouchNeutral</defName>
		<eType>Building_Chair</eType>
		<label>Comfy Couch</label>
		<graphicPath>Things/Building/SCFurniture/Chairs/ComfyCouchNeutral</graphicPath>
		<altitudeLayer>Waist</altitudeLayer>
		<maxHealth>120</maxHealth>
		<description>A comfy couch people can sit on.
Beauty:  Nice "Tiny"
Rest Effectiveness:  80%</description>
		<beauty>NiceTiny</beauty>
		<size>(2,1)</size>
		<workToBuild>1500</workToBuild>
		<flammability>1.0</flammability>
		<costList>
			<li>
				<thingDef>WoodPlank</thingDef>
				<count>40</count>
			</li>
			<li>
				<thingDef>Cloth</thingDef>
				<count>20</count>
			</li>
		</costList>
		<filthLeavings>
			<li>
			<thingDef>WoodRubble</thingDef>
			<count>2</count>
			</li>
		</filthLeavings>
		<pathCost>30</pathCost>
		<building>
			<bed_RestEffectiveness>0.8</bed_RestEffectiveness>
		</building>
		<designationCategory>Furniture</designationCategory>
		<sunShadowInfo>
			<basewidth>0.3</basewidth>
			<baseHeight>0.3</baseHeight>
			<tallness>0.6</tallness>
		</sunShadowInfo>
		<designationHotKey>C</designationHotKey>
		<researchPrerequisite>CraftingII</researchPrerequisite>
	</ThingDef>
	
	<ThingDef ParentName="BuildingBase">
		<defName>ComfyCouchBlack</defName>
		<eType>Building_Chair</eType>
		<label>Comfy Couch (Black)</label>
		<graphicPath>Things/Building/SCFurniture/Chairs/ComfyCouchBlack</graphicPath>
		<altitudeLayer>Waist</altitudeLayer>
		<maxHealth>120</maxHealth>
		<description>A comfy chair people can sit on.
Beauty:  Nice "Tiny"
Rest Effectiveness:  80%</description>
		<beauty>NiceTiny</beauty>
		<size>(2,1)</size>
		<workToBuild>1500</workToBuild>
		<flammability>1.0</flammability>
		<costList>
			<li>
				<thingDef>WoodPlank</thingDef>
				<count>40</count>
			</li>
			<li>
				<thingDef>Cloth</thingDef>
				<count>20</count>
			</li>
		</costList>
		<filthLeavings>
			<li>
			<thingDef>WoodRubble</thingDef>
			<count>2</count>
			</li>
		</filthLeavings>
		<pathCost>30</pathCost>
		<building>
			<bed_RestEffectiveness>0.8</bed_RestEffectiveness>
		</building>
		<designationCategory>Furniture</designationCategory>
		<sunShadowInfo>
			<basewidth>0.3</basewidth>
			<baseHeight>0.3</baseHeight>
			<tallness>0.6</tallness>
		</sunShadowInfo>
		<designationHotKey>C</designationHotKey>
		<researchPrerequisite>CarpetMaking</researchPrerequisite>
	</ThingDef>
	
	<ThingDef ParentName="BuildingBase">
		<defName>ComfyCouchRose</defName>
		<eType>Building_Chair</eType>
		<label>Comfy Couch (Rose)</label>
		<graphicPath>Things/Building/SCFurniture/Chairs/ComfyCouchRose</graphicPath>
		<altitudeLayer>Waist</altitudeLayer>
		<maxHealth>120</maxHealth>
		<description>A comfy chair people can sit on.
Beauty:  Nice "Tiny"
Rest Effectiveness:  80%</description>
		<beauty>NiceTiny</beauty>
		<size>(2,1)</size>
		<workToBuild>1500</workToBuild>
		<flammability>1.0</flammability>
		<costList>
			<li>
				<thingDef>WoodPlank</thingDef>
				<count>40</count>
			</li>
			<li>
				<thingDef>Cloth</thingDef>
				<count>20</count>
			</li>
		</costList>
		<filthLeavings>
			<li>
			<thingDef>WoodRubble</thingDef>
			<count>2</count>
			</li>
		</filthLeavings>
		<pathCost>30</pathCost>
		<building>
			<bed_RestEffectiveness>0.8</bed_RestEffectiveness>
		</building>
		<designationCategory>Furniture</designationCategory>
		<sunShadowInfo>
			<basewidth>0.3</basewidth>
			<baseHeight>0.3</baseHeight>
			<tallness>0.6</tallness>
		</sunShadowInfo>
		<designationHotKey>C</designationHotKey>
		<researchPrerequisite>CarpetMaking</researchPrerequisite>
	</ThingDef>
	
	<ThingDef ParentName="BuildingBase">
		<defName>ComfyCouchTan</defName>
		<eType>Building_Chair</eType>
		<label>Comfy Couch (Tan)</label>
		<graphicPath>Things/Building/SCFurniture/Chairs/ComfyCouchTan</graphicPath>
		<altitudeLayer>Waist</altitudeLayer>
		<maxHealth>120</maxHealth>
		<description>A comfy chair people can sit on.
Beauty:  Nice "Tiny"
Rest Effectiveness:  80%</description>
		<beauty>NiceTiny</beauty>
		<size>(2,1)</size>
		<workToBuild>1500</workToBuild>
		<flammability>1.0</flammability>
		<costList>
			<li>
				<thingDef>WoodPlank</thingDef>
				<count>40</count>
			</li>
			<li>
				<thingDef>Cloth</thingDef>
				<count>20</count>
			</li>
		</costList>
		<filthLeavings>
			<li>
			<thingDef>WoodRubble</thingDef>
			<count>2</count>
			</li>
		</filthLeavings>
		<pathCost>30</pathCost>
		<building>
			<bed_RestEffectiveness>0.8</bed_RestEffectiveness>
		</building>
		<designationCategory>Furniture</designationCategory>
		<sunShadowInfo>
			<basewidth>0.3</basewidth>
			<baseHeight>0.3</baseHeight>
			<tallness>0.6</tallness>
		</sunShadowInfo>
		<designationHotKey>C</designationHotKey>
		<researchPrerequisite>CarpetMaking</researchPrerequisite>
	</ThingDef>
	
	<ThingDef ParentName="BuildingBase">
		<defName>ComfyCouchWhite</defName>
		<eType>Building_Chair</eType>
		<label>Comfy Couch (White)</label>
		<graphicPath>Things/Building/SCFurniture/Chairs/ComfyCouchWhite</graphicPath>
		<altitudeLayer>Waist</altitudeLayer>
		<maxHealth>120</maxHealth>
		<description>A comfy chair people can sit on.
Beauty:  Nice "Tiny"
Rest Effectiveness:  80%</description>
		<beauty>NiceTiny</beauty>
		<size>(2,1)</size>
		<workToBuild>1500</workToBuild>
		<flammability>1.0</flammability>
		<costList>
			<li>
				<thingDef>WoodPlank</thingDef>
				<count>40</count>
			</li>
			<li>
				<thingDef>Cloth</thingDef>
				<count>20</count>
			</li>
		</costList>
		<filthLeavings>
			<li>
			<thingDef>WoodRubble</thingDef>
			<count>2</count>
			</li>
		</filthLeavings>
		<pathCost>30</pathCost>
		<building>
			<bed_RestEffectiveness>0.8</bed_RestEffectiveness>
		</building>
		<designationCategory>Furniture</designationCategory>
		<sunShadowInfo>
			<basewidth>0.3</basewidth>
			<baseHeight>0.3</baseHeight>
			<tallness>0.6</tallness>
		</sunShadowInfo>
		<designationHotKey>C</designationHotKey>
		<researchPrerequisite>CarpetMaking</researchPrerequisite>
	</ThingDef>
	
	<ThingDef ParentName="BuildingBase">
		<defName>PodChair</defName>
		<eType>Building_Chair</eType>
		<label>Pod Chair</label>
		<graphicPath>Things/Building/SCFurniture/Chairs/PodChair</graphicPath>
		<altitudeLayer>Waist</altitudeLayer>
		<maxHealth>120</maxHealth>
		<description>A comfy chair people can sit on.
Beauty:  Nice
Rest Effectiveness:  80%</description>
		<beauty>Nice</beauty>
		<size>(1,1)</size>
		<workToBuild>1500</workToBuild>
		<flammability>1.0</flammability>
		<costList>
			<li>
				<thingDef>SteelBars</thingDef>
				<count>40</count>
			</li>
			<li>
				<thingDef>Leather</thingDef>
				<count>20</count>
			</li>
		</costList>
		<filthLeavings>
			<li>
			<thingDef>ChunkSlag</thingDef>
			<count>1</count>
			</li>
		</filthLeavings>
		<pathCost>30</pathCost>
		<building>
			<bed_RestEffectiveness>0.8</bed_RestEffectiveness>
		</building>
		<designationCategory>Furniture</designationCategory>
		<sunShadowInfo>
			<basewidth>0.3</basewidth>
			<baseHeight>0.3</baseHeight>
			<tallness>0.6</tallness>
		</sunShadowInfo>
		<designationHotKey>C</designationHotKey>
		<researchPrerequisite>CraftingIII</researchPrerequisite>
	</ThingDef>
	
	<ThingDef ParentName="BuildingBase">
		<defName>PodCouch</defName>
		<eType>Building_Chair</eType>
		<label>Pod Couch</label>
		<graphicPath>Things/Building/SCFurniture/Chairs/PodCouch</graphicPath>
		<altitudeLayer>Waist</altitudeLayer>
		<maxHealth>240</maxHealth>
		<description>A comfy chair people can sit on.
Beauty:  Nice
Rest Effectiveness:  80%</description>
		<beauty>Nice</beauty>
		<size>(2,1)</size>
		<workToBuild>3000</workToBuild>
		<flammability>1.0</flammability>
		<costList>
			<li>
				<thingDef>SteelBars</thingDef>
				<count>80</count>
			</li>
			<li>
				<thingDef>Leather</thingDef>
				<count>40</count>
			</li>
		</costList>
		<filthLeavings>
			<li>
			<thingDef>ChunkSlag</thingDef>
			<count>2</count>
			</li>
		</filthLeavings>
		<pathCost>30</pathCost>
		<building>
			<bed_RestEffectiveness>0.8</bed_RestEffectiveness>
		</building>
		<designationCategory>Furniture</designationCategory>
		<sunShadowInfo>
			<basewidth>0.3</basewidth>
			<baseHeight>0.3</baseHeight>
			<tallness>0.6</tallness>
		</sunShadowInfo>
		<designationHotKey>C</designationHotKey>
		<researchPrerequisite>CraftingIII</researchPrerequisite>
	</ThingDef>
	

  <!--======================= Tables ==============================-->
  
 
	<ThingDef Abstract="True" ParentName="BuildingBase" Name="TableBase">
		<eType>Building_Table</eType>
		<thingClass>Building_Storage</thingClass>
		<altitudeLayer>Waist</altitudeLayer>
		<description>People eat off tables when chairs are placed facing them.</description>
		<overdraw>false</overdraw>
		<passability>PassThroughOnly</passability>
		<castEdgeShadows>true</castEdgeShadows>
		<pathCost>60</pathCost>
		<fillPercent>0.4</fillPercent>
		<filthLeavings>
			<li>
				<thingDef>SlagRubble</thingDef>
				<count>1</count>
			</li>
		</filthLeavings>
		<leaveResourcesWhenKilled>true</leaveResourcesWhenKilled>
		<designationCategory>Furniture</designationCategory>
		<staticSunShadowHeight>0.20</staticSunShadowHeight>
		<itemSurface>true</itemSurface>
		<comps>
			<li>
				<compClass>CompGatherSpot</compClass>
			</li>
		</comps>
	</ThingDef>
	
	<ThingDef ParentName="TableBase">
		<defName>GlassBarTop</defName>
		<label>Glass Bartop (4x1)</label>
		<graphicPath>Things/Building/SCFurniture/Tables/Bartop4x1</graphicPath>
		<overdraw>false</overdraw>
		<beauty>Nice</beauty>
		<maxHealth>120</maxHealth>
		<description>A glass bar that colonists may eat from.
Beauty:  Nice</description>
		<flammability>0</flammability>
		<size>(4,1)</size>
		<workToBuild>1500</workToBuild>
		<costList>
			<li>
				<thingDef>SteelBars</thingDef>
				<count>40</count>
			</li>
			<li>
				<thingDef>Glass</thingDef>
				<count>20</count>
			</li>
		</costList>
		<killedLeavings>
			<li>
				<thingDef>ChunkSlag</thingDef>
				<count>2</count>
			</li>
		</killedLeavings>
		<building>
			<fixedStorageSettings>
				<priority>Important</priority>
				<allowances>
					<categories>
						<li>Manufactured</li>
					</categories>
					<exceptedThingDefs>
						<li>JuliasGlory</li>
						<li>CottonRaw</li>
						<li>Metal</li>
						<li>AgaveGel</li>
						<li>AnimalHide</li>
						<li>Cloth</li>
						<li>Glass</li>
						<li>Leather</li>
						<li>Medicine</li>
						<li>SteelBars</li>
						<li>WoodMulch</li>
						<li>Sand</li>
						<li>ShroomStim</li>
						<li>StoneBlocks</li>
						<li>WoodPlank</li>
						<li>Uranium</li>
						<li>Shells</li>
						<li>Missiles</li>
					</exceptedThingDefs>
				</allowances>
			</fixedStorageSettings> 
		</building>
		<inspectorTabs>
			<li>ITab_Storage</li>
		</inspectorTabs>
		<designationCategory>Misc</designationCategory>
		<researchPrerequisite>Brewing</researchPrerequisite>
	</ThingDef>


</Buildings>