<?xml version="1.0" encoding="utf-8" ?>
<building>

	<ThingDef Name="BuildingBase" Abstract="True">
		<category>Building</category>
		<thingClass>Building</thingClass>
		<soundBulletHit>BulletImpactMetal</soundBulletHit>
		<selectable>true</selectable>
		<drawerType>MapMeshAndRealTime</drawerType>
		<surfaceNeeded>Light</surfaceNeeded>
		<constructionEffect>ConstructMetal</constructionEffect>
		<repairEffect>Repair</repairEffect>
	</ThingDef>
  
  
	<ThingDef ParentName="BuildingBase">
		<defName>WoodTorch</defName>
		<eType>BuildingComplex</eType>
		<label>Wood Torch</label>
		<thingClass>SuperiorCrafting.Building_WoodTorch</thingClass>
		<category>Building</category>
		<texturePath>Things/Building/SCFurniture/Lights/WoodTorch</texturePath>
		<altitudeLayer>BuildingTall</altitudeLayer>
		<passability>PassThroughOnly</passability>
		<maxHealth>10</maxHealth>
		<flammability>1.0</flammability>
		<tickerType>Normal</tickerType>
		<selectable>true</selectable>
		<description>A wooden torch that lights an area, but only lasts for a limited time.
Beauty:  Nice "Tiny"</description>
		<beauty>NiceTiny</beauty>
		<size>(1,1)</size>
		<workToBuild>125</workToBuild>
		<costList>
			<li>
				<thingDef>WoodPlank</thingDef>
				<count>5</count>
			</li>
		</costList>
		<soundBulletHit>BulletImpactMetal</soundBulletHit>
		<leaveResourcesWhenKilled>false</leaveResourcesWhenKilled>
		<comps>
			<li>
				<compClass>CompGlower</compClass>
				<glowRadius>6</glowRadius>
				<glowColor>(217,112,33,0)</glowColor>
			</li>
		</comps>
		<designationCategory>Power</designationCategory>
		<sunShadowInfo>
			<basewidth>0.3</basewidth>
			<baseHeight>0.3</baseHeight>
			<tallness>0.6</tallness>
			<offset>(0,0,-0.1)</offset>
		</sunShadowInfo>
		<rotatable>false</rotatable>
		<filthLeavings>
			<li>
				<thingDef>WoodRubble</thingDef>
				<count>2</count>
			</li>
		</filthLeavings>
	</ThingDef>  
  
	<ThingDef ParentName="BuildingBase">
		<defName>StandingLamp</defName>
		<eType>BuildingComplex</eType>
		<label>Standing Lamp</label>
		<thingClass>Building</thingClass>
		<category>Building</category>
		<texturePath>Things/Building/SCFurniture/Lights/LampStanding</texturePath>
		<altitudeLayer>BuildingTall</altitudeLayer>
		<passability>PassThroughOnly</passability>
		<maxHealth>40</maxHealth>
		<flammability>1.0</flammability>
		<selectable>true</selectable>
		<description>A standing lamp that lights an area.
Power:   75W
Beauty:  Nice "Tiny"</description>
		<beauty>NiceTiny</beauty>
		<size>(1,1)</size>
		<workToBuild>500</workToBuild>
		<costList>
			<li>
				<thingDef>SteelBars</thingDef>
				<count>15</count>
			</li>
			<li>
				<thingDef>Glass</thingDef>
				<count>5</count>
			</li>
		</costList>
		<soundBulletHit>BulletImpactMetal</soundBulletHit>
		<leaveResourcesWhenKilled>false</leaveResourcesWhenKilled>
		<comps>
			<li>
				<compClass>CompPowerTrader</compClass>
				<basePowerConsumption>75</basePowerConsumption>
				<soundPowerOn>PowerOnSmall</soundPowerOn>
				<soundPowerOff>PowerOffSmall</soundPowerOff>
			</li>
			<li>
				<compClass>CompGlower</compClass>
				<glowRadius>12</glowRadius>
				<glowColor>(217,217,208,0)</glowColor>
			</li>
		</comps>
		<designationCategory>Power</designationCategory>
		<sunShadowInfo>
			<basewidth>0.3</basewidth>
			<baseHeight>0.3</baseHeight>
			<tallness>0.6</tallness>
			<offset>(0,0,-0.1)</offset>
		</sunShadowInfo>
		<rotatable>false</rotatable>
		<designationHotKey>L</designationHotKey>
		<researchPrerequisite>PowerI</researchPrerequisite>
	</ThingDef>

	<ThingDef ParentName="BuildingBase">
		<defName>StandingLamp_Red</defName>
		<eType>BuildingComplex</eType>
		<label>Standing Lamp (Red)</label>
		<thingClass>Building</thingClass>
		<category>Building</category>
		<texturePath>Things/Building/SCFurniture/Lights/LampStandingRed</texturePath>
		<altitudeLayer>BuildingTall</altitudeLayer>
		<passability>PassThroughOnly</passability>
		<maxHealth>40</maxHealth>
		<flammability>1.0</flammability>
		<selectable>true</selectable>
		<description>A standing lamp that lights an area in red.
Power:   75W
Beauty:  Nice "Tiny"
		</description>
		<beauty>NiceTiny</beauty>
		<size>(1,1)</size>
		<workToBuild>500</workToBuild>
		<costList>
			<li>
				<thingDef>SteelBars</thingDef>
				<count>15</count>
			</li>
			<li>
				<thingDef>Glass</thingDef>
				<count>5</count>
			</li>
		</costList>
		<leaveResourcesWhenKilled>false</leaveResourcesWhenKilled>
		<comps>
			<li>
				<compClass>CompPowerTrader</compClass>
				<basePowerConsumption>75</basePowerConsumption>
				<soundPowerOn>PowerOnSmall</soundPowerOn>
				<soundPowerOff>PowerOffSmall</soundPowerOff>
			</li>
			<li>
				<compClass>CompGlower</compClass>
				<glowRadius>12</glowRadius>
				<glowColor>(217,0,0,0)</glowColor>
			</li>
		</comps>
		<designationCategory>Power</designationCategory>
		<sunShadowInfo>
			<basewidth>0.3</basewidth>
			<baseHeight>0.3</baseHeight>
			<tallness>0.6</tallness>
			<offset>(0,0,-0.1)</offset>
		</sunShadowInfo>
		<rotatable>false</rotatable>
		<researchPrerequisite>ColoredLights</researchPrerequisite>
	</ThingDef>

	<ThingDef ParentName="BuildingBase">
		<defName>StandingLamp_Green</defName>
		<eType>BuildingComplex</eType>
		<label>Standing Lamp (Green)</label>
		<thingClass>Building</thingClass>
		<category>Building</category>
		<texturePath>Things/Building/SCFurniture/Lights/LampStandingGreen</texturePath>
		<altitudeLayer>BuildingTall</altitudeLayer>
		<passability>PassThroughOnly</passability>
		<maxHealth>40</maxHealth>
		<flammability>1.0</flammability>
		<selectable>true</selectable>
		<description>A standing lamp that lights an area in green.
Power:   75W
Beauty:  Nice "Tiny"
		</description>
		<beauty>NiceTiny</beauty>
		<size>(1,1)</size>
		<workToBuild>500</workToBuild>
		<costList>
			<li>
				<thingDef>SteelBars</thingDef>
				<count>15</count>
			</li>
			<li>
				<thingDef>Glass</thingDef>
				<count>5</count>
			</li>
		</costList>
		<leaveResourcesWhenKilled>false</leaveResourcesWhenKilled>
		<comps>
			<li>
				<compClass>CompPowerTrader</compClass>
				<basePowerConsumption>75</basePowerConsumption>
				<soundPowerOn>PowerOnSmall</soundPowerOn>
				<soundPowerOff>PowerOffSmall</soundPowerOff>
			</li>
			<li>
				<compClass>CompGlower</compClass>
				<glowRadius>12</glowRadius>
				<glowColor>(0,217,0,0)</glowColor>
			</li>
		</comps>
		<designationCategory>Power</designationCategory>
		<sunShadowInfo>
			<basewidth>0.3</basewidth>
			<baseHeight>0.3</baseHeight>
			<tallness>0.6</tallness>
			<offset>(0,0,-0.1)</offset>
		</sunShadowInfo>
		<rotatable>false</rotatable>
		<researchPrerequisite>ColoredLights</researchPrerequisite>
	</ThingDef>

	<ThingDef ParentName="BuildingBase">
		<defName>StandingLamp_Blue</defName>
		<eType>BuildingComplex</eType>
		<label>Standing Lamp (Blue)</label>
		<thingClass>Building</thingClass>
		<category>Building</category>
		<texturePath>Things/Building/SCFurniture/Lights/LampStandingBlue</texturePath>
		<altitudeLayer>BuildingTall</altitudeLayer>
		<passability>PassThroughOnly</passability>
		<maxHealth>40</maxHealth>
		<flammability>1.0</flammability>
		<selectable>true</selectable>
		<description>A standing lamp that lights an area in blue.
Power:   75W
Beauty:  Nice "Tiny"</description>
		<beauty>NiceTiny</beauty>
		<size>(1,1)</size>
		<workToBuild>500</workToBuild>
		<costList>
			<li>
				<thingDef>SteelBars</thingDef>
				<count>15</count>
			</li>
			<li>
				<thingDef>Glass</thingDef>
				<count>5</count>
			</li>
		</costList>
		<leaveResourcesWhenKilled>false</leaveResourcesWhenKilled>
		<comps>
			<li>
				<compClass>CompPowerTrader</compClass>
				<basePowerConsumption>75</basePowerConsumption>
				<soundPowerOn>PowerOnSmall</soundPowerOn>
				<soundPowerOff>PowerOffSmall</soundPowerOff>
			</li>
			<li>
				<compClass>CompGlower</compClass>
				<glowRadius>12</glowRadius>
				<glowColor>(0,0,217,0)</glowColor>
			</li>
		</comps>
		<designationCategory>Power</designationCategory>
		<sunShadowInfo>
			<basewidth>0.3</basewidth>
			<baseHeight>0.3</baseHeight>
			<tallness>0.6</tallness>
			<offset>(0,0,-0.1)</offset>
		</sunShadowInfo>
		<rotatable>false</rotatable>
		<researchPrerequisite>ColoredLights</researchPrerequisite>
	</ThingDef>
	
	
</building>