﻿<?xml version="1.0" encoding="utf-8" ?>
<Buildings>


	<ThingDef Name="BuildingBase" Abstract="True">
		<category>Building</category>
		<thingClass>Building</thingClass>
		<soundBulletHit>BulletImpactMetal</soundBulletHit>
		<selectable>true</selectable>
		<drawerType>MapMeshAndRealTime</drawerType>
		<surfaceNeeded>Light</surfaceNeeded>
		<constructionEffect>ConstructMetal</constructionEffect>
		<repairEffect>Repair</repairEffect>
	</ThingDef>


  <!--============================== Beds ==============================-->
  
  
	<ThingDef ParentName="BuildingBase">
		<defName>SleepingSpot</defName>
		<EType>Bed</EType>
		<Label>Sleeping Spot</Label>
		<Description>Designates a spot on the ground where people should sleep. Not comfortable.
Rest effectiveness: 60%</Description>
		<ThingClass>Building_Bed</ThingClass>
		<graphicPath>Things/Building/SCFurniture/Beds/SleepingSpot</graphicPath>
		<AltitudeLayer>FloorEmplacement</AltitudeLayer>
		<WorkToBuild>0</WorkToBuild>
		<UseStandardHealth>False</UseStandardHealth>
		<Size>(1,2)</Size>
		<Overdraw>true</Overdraw>
		<DesignationCategory>Furniture</DesignationCategory>
		<Passability>Standable</Passability>
		<DrawGUIOverlay>True</DrawGUIOverlay>
		<building>
			<!--<bed_graphicPath_forPrisoner>Things/Building/Bed/SleepSpot_ForPrisoner</bed_graphicPath_forPrisoner>-->
			<Bed_ShowSleeperBody>True</Bed_ShowSleeperBody>
			<Bed_HealTickInterval>3200</Bed_HealTickInterval>
			<bed_RestEffectiveness>0.6</bed_RestEffectiveness>
			<supportsPlants>true</supportsPlants>
			<canPlaceOverImpassablePlant>false</canPlaceOverImpassablePlant>
		</building>
	</ThingDef>
	
	<ThingDef ParentName="BuildingBase">
		<defName>BedHides</defName>
		<EType>Bed</EType>
		<Label>Hide Bed</Label>
		<Description>A simple bed made of wood planks and animal hides.
Rest effectiveness: 80%
Beauty:  Neutral</Description>
		<Beauty>Neutral</Beauty>
		<ThingClass>Building_Bed</ThingClass>
		<graphicPath>Things/Building/SCFurniture/Beds/BedHides</graphicPath>
		<AltitudeLayer>Waist</AltitudeLayer>
		<MaxHealth>50</MaxHealth>
		<Size>(1,2)</Size>
		<WorkToBuild>625</WorkToBuild>
		<constructionEffect>ConstructWood</constructionEffect>
		<constructionAnimation>WoodTiles</constructionAnimation>
		<costList>
			<li>
				<thingDef>WoodPlank</thingDef>
				<count>20</count>
			</li>
			<li>
				<thingDef>AnimalHide</thingDef>
				<count>5</count>
			</li>
		</costList>
		<Overdraw>True</Overdraw>
		<building>
			<bed_graphicPath_forPrisoner>Things/Building/SCFurniture/Beds/BedHides</bed_graphicPath_forPrisoner>
			<Bed_ShowSleeperBody>True</Bed_ShowSleeperBody>
			<Bed_HealTickInterval>2400</Bed_HealTickInterval>
			<bed_RestEffectiveness>0.8</bed_RestEffectiveness>
		</building>
		<fillPercent>0.4</fillPercent>
		<PathCost>50</PathCost>
		<LeaveResourcesWhenKilled>False</LeaveResourcesWhenKilled>
		<DesignationCategory>Furniture</DesignationCategory>
		<Passability>Standable</Passability>
		<DrawGUIOverlay>True</DrawGUIOverlay>
	</ThingDef>

	<ThingDef ParentName="BuildingBase">
		<defName>Bed</defName>
		<EType>Bed</EType>
		<Label>Cloth Bed</Label>
		<Description>A cloth mattress and sheets on a wood frame for resting.
Rest effectiveness: 100%
Beauty:  Neutral</Description>
		<Beauty>Neutral</Beauty>
		<ThingClass>Building_Bed</ThingClass>
		<graphicPath>Things/Building/SCFurniture/Beds/ClothBed</graphicPath>
		<AltitudeLayer>Waist</AltitudeLayer>
		<MaxHealth>70</MaxHealth>
		<Size>(1,2)</Size>
		<WorkToBuild>875</WorkToBuild>
		<constructionEffect>ConstructWood</constructionEffect>
		<constructionAnimation>WoodTiles</constructionAnimation>
		<costList>
			<li>
				<thingDef>WoodPlank</thingDef>
				<count>20</count>
			</li>
			<li>
				<thingDef>Cloth</thingDef>
				<count>15</count>
			</li>
		</costList>
		<Overdraw>True</Overdraw>
		<building>
			<bed_graphicPath_forPrisoner>Things/Building/SCFurniture/Beds/ClothBedP</bed_graphicPath_forPrisoner>
			<bed_graphicPath_medical>Things/Building/SCFurniture/Beds/ClothBedMed</bed_graphicPath_medical>
			<bed_graphicPath_medicalForPrisoner>Things/Building/SCFurniture/Beds/ClothBedPMed</bed_graphicPath_medicalForPrisoner>
			<Bed_ShowSleeperBody>False</Bed_ShowSleeperBody>
			<Bed_HealTickInterval>2000</Bed_HealTickInterval>
			<bed_RestEffectiveness>1</bed_RestEffectiveness>
		</building>
		<fillPercent>0.4</fillPercent>
		<PathCost>60</PathCost>
		<LeaveResourcesWhenKilled>True</LeaveResourcesWhenKilled>
		<filthLeavings>
			<li>
				<thingDef>WoodRubble</thingDef>
				<count>1</count>
			</li>
		</filthLeavings>
		<StaticSunShadowHeight>0.17</StaticSunShadowHeight>
		<CastEdgeShadows>True</CastEdgeShadows>
		<DesignationCategory>Furniture</DesignationCategory>
		<Passability>PassThroughOnly</Passability>
		<DrawGUIOverlay>True</DrawGUIOverlay>
		<designationHotKey>B</designationHotKey>
		<researchPrerequisite>CraftingI</researchPrerequisite>
	</ThingDef>
	
	<ThingDef ParentName="BuildingBase">
		<defName>ComfyBed</defName>
		<EType>Bed</EType>
		<Label>Comfy Bed</Label>
		<Description>A cozy mattress and sheets on a metal frame for resting.
Rest effectiveness: 125%
Beauty:  Nice "Tiny"</Description>
		<Beauty>NiceTiny</Beauty>
		<ThingClass>Building_Bed</ThingClass>
		<graphicPath>Things/Building/SCFurniture/Beds/ComfyBed</graphicPath>
		<AltitudeLayer>Waist</AltitudeLayer>
		<MaxHealth>70</MaxHealth>
		<Size>(1,2)</Size>
		<WorkToBuild>875</WorkToBuild>
		<constructionEffect>ConstructWood</constructionEffect>
		<constructionAnimation>WoodTiles</constructionAnimation>
		<costList>
			<li>
				<thingDef>SteelBars</thingDef>
				<count>20</count>
			</li>
			<li>
				<thingDef>Cloth</thingDef>
				<count>15</count>
			</li>
		</costList>
		<Overdraw>True</Overdraw>
		<building>
			<bed_graphicPath_forPrisoner>Things/Building/SCFurniture/Beds/ComfyBedP</bed_graphicPath_forPrisoner>
			<bed_graphicPath_medical>Things/Building/SCFurniture/Beds/ComfyBedMed</bed_graphicPath_medical>
			<bed_graphicPath_medicalForPrisoner>Things/Building/SCFurniture/Beds/ComfyBedPMed</bed_graphicPath_medicalForPrisoner>
			<Bed_ShowSleeperBody>False</Bed_ShowSleeperBody>
			<Bed_HealTickInterval>2000</Bed_HealTickInterval>
			<bed_RestEffectiveness>1.25</bed_RestEffectiveness>
		</building>
		<fillPercent>0.4</fillPercent>
		<PathCost>60</PathCost>
		<LeaveResourcesWhenKilled>True</LeaveResourcesWhenKilled>
		<filthLeavings>
			<li>
				<thingDef>ChunkSlag</thingDef>
				<count>1</count>
			</li>
		</filthLeavings>
		<StaticSunShadowHeight>0.17</StaticSunShadowHeight>
		<CastEdgeShadows>True</CastEdgeShadows>
		<DesignationCategory>Furniture</DesignationCategory>
		<Passability>PassThroughOnly</Passability>
		<DrawGUIOverlay>True</DrawGUIOverlay>
		<designationHotKey>B</designationHotKey>
		<researchPrerequisite>CraftingII</researchPrerequisite>
	</ThingDef>

	<ThingDef ParentName="BuildingBase">
		<defName>RoyalBed</defName>
		<EType>Bed</EType>
		<label>Sleeping Pod</label>
		<Description>A futuristic bed with a high beauty rating.
Rest effectiveness: 125%
Beauty:  Nice</Description>
		<Beauty>Nice</Beauty>
		<ThingClass>Building_Bed</ThingClass>
		<graphicPath>Things/Building/SCFurniture/Beds/PodBed</graphicPath>
		<AltitudeLayer>Waist</AltitudeLayer>
		<MaxHealth>150</MaxHealth>
		<Size>(1,2)</Size>
		<WorkToBuild>1875</WorkToBuild>
		<CostList>
			<li>
				<thingDef>SteelBars</thingDef>
				<count>40</count>
			</li>
			<li>
				<thingDef>Cloth</thingDef>
				<count>30</count>
			</li>
		</CostList>
		<Overdraw>True</Overdraw>
		<building>
			<bed_graphicPath_forPrisoner>Things/Building/SCFurniture/Beds/PodBedP</bed_graphicPath_forPrisoner>
			<bed_graphicPath_medical>Things/Building/SCFurniture/Beds/PodBedMed</bed_graphicPath_medical>
			<bed_graphicPath_medicalForPrisoner>Things/Building/SCFurniture/Beds/PodBedPMed</bed_graphicPath_medicalForPrisoner>
			<Bed_ShowSleeperBody>False</Bed_ShowSleeperBody>
			<Bed_HealTickInterval>2000</Bed_HealTickInterval>
			<bed_RestEffectiveness>1.25</bed_RestEffectiveness>
		</building>
		<SurfaceNeeded>Light</SurfaceNeeded>
		<fillPercent>0.4</fillPercent>
		<PathCost>60</PathCost>
		<LeaveResourcesWhenKilled>True</LeaveResourcesWhenKilled>
		<killedLeavings>
			<li>
				<thingDef>ChunkSlag</thingDef>
				<count>2</count>
			</li>
		</killedLeavings>
		<StaticSunShadowHeight>0.17</StaticSunShadowHeight>
		<CastEdgeShadows>True</CastEdgeShadows>
		<DesignationCategory>Furniture</DesignationCategory>
		<Passability>PassThroughOnly</Passability>
		<DrawGUIOverlay>True</DrawGUIOverlay>
		<designationHotKey>R</designationHotKey>
		<researchPrerequisite>CraftingIII</researchPrerequisite>
	</ThingDef>
	
	<ThingDef ParentName="BuildingBase">
		<defName>MedicalBed</defName>
		<EType>Bed</EType>
		<label>Healing Pod</label>
		<Description>A healing pod, perfect for healing up wounded colonists and prisoners.  Not as comfortable as a normal bed, but heals twice as fast!  Connect a hopper, filled with Agave Gel for some amazing results!
Rest effectiveness: 75%
Beauty:  Nuetral</Description>
		<tickerType>Normal</tickerType>
		<Beauty>Neutral</Beauty>
		<ThingClass>SuperiorCrafting.Building_MedicalPod</ThingClass>
		<graphicPath>Things/Building/SCFurniture/Beds/MedBed</graphicPath>
		<AltitudeLayer>Waist</AltitudeLayer>
		<MaxHealth>150</MaxHealth>
		<Size>(1,2)</Size>
		<WorkToBuild>1875</WorkToBuild>
		<CostList>
			<li>
				<thingDef>SteelBars</thingDef>
				<count>40</count>
			</li>
			<li>
				<thingDef>Cloth</thingDef>
				<count>30</count>
			</li>
			<li>
				<thingDef>Medicine</thingDef>
				<count>5</count>
			</li>
		</CostList>
		<Overdraw>True</Overdraw>
		<building>
			<bed_graphicPath_forPrisoner>Things/Building/SCFurniture/Beds/MedBedP</bed_graphicPath_forPrisoner>
			<Bed_ShowSleeperBody>False</Bed_ShowSleeperBody>
			<Bed_HealTickInterval>1000</Bed_HealTickInterval>
			<bed_RestEffectiveness>.75</bed_RestEffectiveness>
			<wantsHopperAdjacent>true</wantsHopperAdjacent>
		</building>
		<comps>
			<li>
				<compClass>CompMannable</compClass>
			</li>
		</comps>
		<SurfaceNeeded>Light</SurfaceNeeded>
		<fillPercent>0.4</fillPercent>
		<PathCost>60</PathCost>
		<LeaveResourcesWhenKilled>True</LeaveResourcesWhenKilled>
		<killedLeavings>
			<li>
				<thingDef>ChunkSlag</thingDef>
				<count>2</count>
			</li>
		</killedLeavings>
		<StaticSunShadowHeight>0.17</StaticSunShadowHeight>
		<CastEdgeShadows>True</CastEdgeShadows>
		<DesignationCategory>Misc</DesignationCategory>
		<Passability>PassThroughOnly</Passability>
		<DrawGUIOverlay>True</DrawGUIOverlay>
		<researchPrerequisite>MedicalPods</researchPrerequisite>
	</ThingDef>


</Buildings>