﻿<?xml version="1.0" encoding="utf-8" ?>
<RecipeDefs>


	<RecipeDef>
		<defName>MakeSimpleSalad</defName>
		<label>Make a simple salad</label>
		<description>Prepares a barely edible meal from raw meat. It's basically ground meat and it isn't even cooked so it's fast to prepare.</description>
		<jobString>Preparing a simple salad.</jobString>
		<workAmount>125</workAmount>
		<workTimeSkillNeed>CookTime</workTimeSkillNeed>
		<workEffect>Cook</workEffect>
    <sustainerSoundDef>Recipe_ButcherCorpseFlesh</sustainerSoundDef>
    <ingredients>
			<li>
				<filter>
					<categories>
						<li>PlantFoodRaw</li>
					</categories>
				</filter>
				<count>6</count>
			</li>
		</ingredients>
		<products>
			<li>
				<thingDef>MealSalad</thingDef>
				<count>1</count>
			</li>
		</products>
		<fixedIngredientFilter>
			<categories>
				<li>PlantFoodRaw</li>
			</categories>
		</fixedIngredientFilter>
		<defaultIngredientFilter>
			<categories>
				<li>PlantFoodRaw</li>
			</categories>
		</defaultIngredientFilter>
		<skillGains>
			<li>
				<skill>Cooking</skill>
				<xp>30</xp>
			</li>
		</skillGains>
	</RecipeDef>


	<RecipeDef>
		<defName>CookMealSimple</defName>
		<label>Cook simple meal</label>
		<description>Cooks a straightforward meal from one ingredient.</description>
		<jobString>Cooking simple meal.</jobString>
		<workAmount>240</workAmount>
		<workTimeSkillNeed>CookTime</workTimeSkillNeed>
		<workEffect>Cook</workEffect>
    <sustainerSoundDef>Recipe_CookMeal</sustainerSoundDef>
    <ingredients>
			<li>
				<filter>
					<categories>
						<li>FoodRaw</li>
					</categories>
				</filter>
				<count>10</count>
			</li>
		</ingredients>
		<products>
			<li>
				<thingDef>MealSimple</thingDef>
				<count>1</count>
			</li>
		</products>
		<fixedIngredientFilter>
			<categories>
				<li>FoodRaw</li>
			</categories>
		</fixedIngredientFilter>
		<defaultIngredientFilter>
			<categories>
				<li>FoodRaw</li>
			</categories>
			<exceptedThingDefs>
				<li>Human_Meat</li>
			</exceptedThingDefs>
		</defaultIngredientFilter>
		<skillGains>
			<li>
				<skill>Cooking</skill>
				<xp>60</xp>
			</li>
		</skillGains>
	</RecipeDef>


	<RecipeDef>
		<defName>CookMealFine</defName>
		<label>Cook fine meal</label>
		<description>Cooks a somewhat complex meal from a combination of raw meat and raw plant ingredients.</description>
		<jobString>Cooking fine meal.</jobString>
		<workAmount>400</workAmount>
		<workTimeSkillNeed>CookTime</workTimeSkillNeed>
		<workEffect>Cook</workEffect>
    <sustainerSoundDef>Recipe_CookMeal</sustainerSoundDef>
    <ingredients>
			<li>
				<filter>
					<categories>
						<li>MeatRaw</li>
					</categories>
				</filter>
				<count>7</count>
			</li>
			<li>
				<filter>
					<categories>
						<li>PlantFoodRaw</li>
					</categories>
				</filter>
				<count>7</count>
			</li>
		</ingredients>
		<products>
			<li>
				<thingDef>MealFine</thingDef>
				<count>1</count>
			</li>
		</products>
		<fixedIngredientFilter>
			<categories>
				<li>FoodRaw</li>
			</categories>
		</fixedIngredientFilter>
		<defaultIngredientFilter>
			<categories>
				<li>FoodRaw</li>
			</categories>
			<exceptedThingDefs>
				<li>Human_Meat</li>
			</exceptedThingDefs>
		</defaultIngredientFilter>
		<skillRequirements>
			<li>
				<skill>Cooking</skill>
				<minLevel>7</minLevel>
			</li>
		</skillRequirements>
		<skillGains>
			<li>
				<skill>Cooking</skill>
				<xp>110</xp>
			</li>
		</skillGains>
	</RecipeDef>


	<RecipeDef>
		<defName>CookMealLavish</defName>
		<label>Cook lavish meal</label>
		<description>Cooks a very complex meal from a combination of raw meat and raw plant ingredients. Much of the ingredients are wasted.</description>
		<jobString>Cooking lavish meal.</jobString>
		<workAmount>1000</workAmount>
		<workTimeSkillNeed>CookTime</workTimeSkillNeed>
		<workEffect>Cook</workEffect>
    <sustainerSoundDef>Recipe_CookMeal</sustainerSoundDef>
    <ingredients>
			<li>
				<filter>
					<categories>
						<li>MeatRaw</li>
					</categories>
				</filter>
				<count>9</count>
			</li>
			<li>
				<filter>
					<categories>
						<li>PlantFoodRaw</li>
					</categories>
				</filter>
				<count>9</count>
			</li>
		</ingredients>
		<products>
			<li>
				<thingDef>MealLavish</thingDef>
				<count>1</count>
			</li>
		</products>
		<fixedIngredientFilter>
			<categories>
				<li>FoodRaw</li>
			</categories>
		</fixedIngredientFilter>
		<defaultIngredientFilter>
			<categories>
				<li>FoodRaw</li>
			</categories>
			<exceptedThingDefs>
				<li>Human_Meat</li>
			</exceptedThingDefs>
		</defaultIngredientFilter>
		<skillRequirements>
			<li>
				<skill>Cooking</skill>
				<minLevel>12</minLevel>
			</li>
		</skillRequirements>
		<skillGains>
			<li>
				<skill>Cooking</skill>
				<xp>180</xp>
			</li>
		</skillGains>
	</RecipeDef>


</RecipeDefs>
