<?xml version="1.0" encoding="UTF-8"?>

<Resources>


	<ThingDef Name="ResourceBase" Abstract="True">
		<thingClass>ThingWithComponents</thingClass>
		<category>Item</category>
		<eType>Item</eType>
		<resourceReadoutPriority>Middle</resourceReadoutPriority>
		<useStandardHealth>true</useStandardHealth>
		<selectable>true</selectable>
		<maxHealth>100</maxHealth>
		<altitudeLayer>Item</altitudeLayer>
		<stackLimit>25</stackLimit>
		<comps>
			<li>
				<compClass>CompForbiddable</compClass>
			</li>
		</comps>
		<beauty>Nice</beauty>
		<alwaysHaulable>true</alwaysHaulable>
		<drawGUIOverlay>true</drawGUIOverlay>
		<rotatable>false</rotatable>
		<pathCost>15</pathCost>
		<texturePath>tape</texturePath>
		<soundInteract>Interact_Research</soundInteract>
		<soundDrop>Standard_Drop</soundDrop>
		<useStandardHealth>false</useStandardHealth>
		<basePrice>100</basePrice>
		<tradersCarry>true</tradersCarry>
		<storeCategories>
			<li>Tapes</li>
		</storeCategories>
	</ThingDef>

	
<ThingDef ParentName="ResourceBase">
<defName>ConstructionTape</defName>
<texturePath>Things/Item/Tapes/ConstructionTape</texturePath>
<label>Craft of Building</label>
<description>The long way to a Quarry (Quarry sold seperately) - a tape to teach the Construction skill.</description>
</ThingDef>

<ThingDef ParentName="ResourceBase">
<defName>CookingTape</defName>
<texturePath>Things/Item/Tapes/CookingTape</texturePath>
<label>Walts Cookbook</label>
<description>Jesse we have to cook - a tape to teach the Cooking skill.</description>
</ThingDef>

<ThingDef ParentName="ResourceBase">
<defName>CraftingTape</defName>
<texturePath>Things/Item/Tapes/CraftingTape</texturePath>
<label>Factory? Oh!</label>
<description>A tale of conveyor belts and inserters - a tape to teach the Crafting skill.</description>
</ThingDef>

<ThingDef ParentName="ResourceBase">
<defName>GrowingTape</defName>
<texturePath>Things/Item/Tapes/GrowingTape</texturePath>
<label>Moon of Harvests</label>
<description>I have 99 problems but a HOE aint one - a tape to teach the Growing skill.</description>
</ThingDef>

<ThingDef ParentName="ResourceBase">
<defName>MedicalTape</defName>
<texturePath>Things/Item/Tapes/MedicalTape</texturePath>
<label>Dir En Grey's Anatomy</label>
<description>The japanese art of "doctoring" - a tape to teach the Medicine skill.</description>
</ThingDef>

<ThingDef ParentName="ResourceBase">
<defName>MiningTape</defName>
<texturePath>Things/Item/Tapes/MiningTape</texturePath>
<label>Urist McDigger</label>
<description>If the stone is warm stop digging - a tape to teach the Mining skill.</description>
</ThingDef>

<ThingDef ParentName="ResourceBase">
<defName>ResearchTape</defName>
<texturePath>Things/Item/Tapes/ResearchTape</texturePath>
<label>Wiki's Handbook</label>
<description>I need those stuff for "reasearch" purposes! - a  tape to teach the Research skill.</description>
</ThingDef>

<ThingDef ParentName="ResourceBase">
<defName>SocialTape</defName>
<texturePath>Things/Item/Tapes/SocialTape</texturePath>
<label>Forever Alone?</label>
<description>The story of Brian in over 9000 pages - a tape to teach the Social skill.</description>
</ThingDef>


</Resources>