﻿<?xml version="1.0" encoding="utf-8" ?>
<ThingDefs>


	<ThingDef Name="BaseGun" Abstract="True">
		<category>Item</category>
		<eType>Equipment</eType>
		<thingClass>Equipment</thingClass>
		<label>Gun</label>
		<equipmentType>Primary</equipmentType>
		<isGun>True</isGun>
		<pathCost>10</pathCost>
		<useStandardHealth>True</useStandardHealth>
		<selectable>True</selectable>
		<maxHealth>100</maxHealth>
		<altitudeLayer>Item</altitudeLayer>
		<alwaysHaulable>True</alwaysHaulable>
		<tickerType>Never</tickerType>
		<techLevel>Midworld</techLevel>
		<storeCategories>
			<li>Weapons</li>
		</storeCategories>
		<comps>
			<li>
				<compClass>CompForbiddable</compClass>
			</li>
		</comps>
		<verb>
		<category>Nonnative</category>
		<verbClass>Verb_Shoot</verbClass>
		<cooldownTicks>40</cooldownTicks>
		<label>VerbGun</label>
		<description>Fire a bullet.</description>
		<hasStandardCommand>true</hasStandardCommand>
		<targetParams>
			<canTargetPawns>true</canTargetPawns>
			<canTargetBuildings>true</canTargetBuildings>
			<worldObjectTargetsMustBeAutoAttackable>true</worldObjectTargetsMustBeAutoAttackable>
		</targetParams>
		<canMiss>true</canMiss>
		</verb>
	</ThingDef>

  <ThingDef Name="BaseHumanGun" ParentName="BaseGun" Abstract="True">
    <weaponTags>
      <li>Gun</li>
    </weaponTags>
  </ThingDef>
  
  
	<ThingDef Name="BaseBullet" Abstract="True">
		<category>Projectile</category>
		<tickerType>Normal</tickerType>
		<altitudeLayer>Projectile</altitudeLayer>
		<thingClass>Bullet</thingClass>
		<label>Bullet</label>
		<useStandardHealth>False</useStandardHealth>
		<neverMultiSelect>True</neverMultiSelect>
		<baseMaterialType>Transparent</baseMaterialType>
	</ThingDef>
	
	
	<!-- ===================== L-15 LMG ========================= -->

	<ThingDef ParentName="BaseBullet">
		<defName>Bullet_L15LMG</defName>
		<label>L-15 bullet</label>
		<texturePath>Things/Projectile/Bullet_Small</texturePath>
		<projectile>
		<damageDef>Bullet</damageDef>
			<damageAmountBase>7</damageAmountBase>
			<speed>40</speed>
		</projectile>
	</ThingDef>
	<ThingDef ParentName="BaseHumanGun">
		<defName>Gun_L15LMG</defName>
		<label>L-15 LMG</label>
		<description>A light machine gun.</description>
		<texturePath>Things/Item/Equipment/L-15</texturePath>
		<soundInteract>InteractRifle</soundInteract>
		<basePrice>350</basePrice>
		<tradersCarry>true</tradersCarry>
		<verb>
			<projectileDef>Bullet_L15LMG</projectileDef>
			<warmupTicks>108</warmupTicks>
			<range>26</range>
			<accuracyTouch>0.89</accuracyTouch>
			<accuracyShort>0.64</accuracyShort>
			<accuracyMedium>0.41</accuracyMedium>
			<accuracyLong>0.22</accuracyLong>
			<ticksBetweenBurstShots>7</ticksBetweenBurstShots>
			<burstShotCount>5</burstShotCount>
			<fireSound>ShotMinigun</fireSound>
		</verb>
	</ThingDef>

  <!-- ================ Improvised turret gun ============== -->

	<ThingDef ParentName="BaseBullet">
		<defName>Bullet_TurretImprovised</defName>
		<label>Improvised turret bullet</label>
		<texturePath>Things/Projectile/Bullet_Small</texturePath>
		<projectile>
      <damageDef>Bullet</damageDef>
			<damageAmountBase>7</damageAmountBase>
			<speed>70</speed>
		</projectile>
	</ThingDef>
	
	<ThingDef ParentName="BaseHumanGun">
		<defName>Gun_TurretSentry</defName>
		<label>Sentry turret gun</label>
		<menuHidden>true</menuHidden>
		<description>Jury-rigged gun attached to a turret.</description>
		<texturePath>Things/Building/SCSecurity/SentryGun_Top</texturePath>
		<soundInteract>InteractRifle</soundInteract>
		<canBeSpawningInventory>false</canBeSpawningInventory>
		<weaponTags>
			<li>TurretGun</li>
		</weaponTags>
		<verb>
			<projectileDef>Bullet_TurretImprovised</projectileDef>
			<warmupTicks>108</warmupTicks>
			<range>35</range>
			<accuracyTouch>0.89</accuracyTouch>
			<accuracyShort>0.64</accuracyShort>
			<accuracyMedium>0.41</accuracyMedium>
			<accuracyLong>0.22</accuracyLong>
			<ticksBetweenBurstShots>8</ticksBetweenBurstShots>
			<burstShotCount>4</burstShotCount>
			<fireSound>GunShotA</fireSound>
		</verb>
	</ThingDef>
	
	<ThingDef ParentName="BaseHumanGun">
		<defName>Gun_TurretShotGun</defName>
		<label>Sentry turret shotgun</label>
		<menuHidden>true</menuHidden>
		<description>A shotgun attached to a turret.</description>
		<texturePath>Things/Building/SCSecurity/SentryGunShotgun_Top</texturePath>
		<soundInteract>InteractShotgun</soundInteract>
		<canBeSpawningInventory>false</canBeSpawningInventory>
		<weaponTags>
			<li>TurretGun</li>
		</weaponTags>
		<verb>
			<projectileDef>Bullet_PumpShotgun</projectileDef>
			<warmupTicks>108</warmupTicks>
			<range>16</range>
			<accuracyTouch>0.96</accuracyTouch>
			<accuracyShort>0.87</accuracyShort>
			<accuracyMedium>0.77</accuracyMedium>
			<accuracyLong>0.64</accuracyLong>
			<fireSound>ShotShotgun</fireSound>
		</verb>
	</ThingDef>
	
	<ThingDef ParentName="BaseHumanGun">
		<defName>Gun_TurretGattlingGun</defName>
		<label>Sentry turret gattling gun</label>
		<menuHidden>true</menuHidden>
		<description>A gattling gun attached to a turret.</description>
		<texturePath>Things/Building/SCSecurity/SentryGunGattling_Top</texturePath>
		<soundInteract>InteractRifle</soundInteract>
		<canBeSpawningInventory>false</canBeSpawningInventory>
		<weaponTags>
			<li>TurretGun</li>
		</weaponTags>
		<verb>
			<projectileDef>Bullet_Minigun</projectileDef>
			<warmupTicks>250</warmupTicks>
			<range>32</range>
			<accuracyTouch>0.79</accuracyTouch>
			<accuracyShort>0.42</accuracyShort>
			<accuracyMedium>0.18</accuracyMedium>
			<accuracyLong>0.06</accuracyLong>
			<ticksBetweenBurstShots>8</ticksBetweenBurstShots>
			<burstShotCount>30</burstShotCount>
			<fireSound>ShotMinigun</fireSound>
		</verb>
	</ThingDef>
	
	<ThingDef ParentName="BaseHumanGun">
		<defName>Gun_TurretSniperGun</defName>
		<label>Sentry turret sniper gun</label>
		<menuHidden>true</menuHidden>
		<description>A sniper gun attached to a turret.</description>
		<texturePath>Things/Building/SCSecurity/SentryGunSniper_Top</texturePath>
		<soundInteract>InteractRifle</soundInteract>
		<canBeSpawningInventory>false</canBeSpawningInventory>
		<weaponTags>
			<li>TurretGun</li>
		</weaponTags>
		<verb>
			<projectileDef>Bullet_M24Rifle</projectileDef>
			<warmupTicks>260</warmupTicks>
			<cooldownTicks>135</cooldownTicks>
			<range>45</range>
			<accuracyTouch>0.50</accuracyTouch>
			<accuracyShort>0.86</accuracyShort>
			<accuracyMedium>0.86</accuracyMedium>
			<accuracyLong>0.88</accuracyLong>
			<fireSound>ShotM24Rifle</fireSound>
		</verb>
	</ThingDef>

	
</ThingDefs>