﻿<?xml version="1.0" encoding="utf-8" ?>
<ThingDefs>

	<ThingDef Name="BuildingBase" Abstract="True">
		<category>Building</category>
		<soundBulletHit>BulletImpactMetal</soundBulletHit>
		<selectable>true</selectable>
		<drawerType>MapMeshAndRealTime</drawerType>
		<surfaceNeeded>Light</surfaceNeeded>
		<constructionEffect>ConstructMetal</constructionEffect>
		<repairEffect>Repair</repairEffect>
	</ThingDef>


	<ThingDef ParentName="BuildingBase">
		<defName>Sandbags</defName>
		<eType>BuildingInert</eType>
		<label>Sandbags</label>
		<thingClass>Building</thingClass>
		<linkDrawerType>Basic</linkDrawerType>
		<category>Building</category>
		<texturePath>Things/Building/Linked/Sandbags_Atlas</texturePath>
		<blueprintTexturePath>Things/Building/Linked/Sandbags_Blueprint_Atlas</blueprintTexturePath>
		<uiIconPath>Things/Building/Linked/Sandbags_MenuIcon</uiIconPath>
		<linkFlags>
			<li>Sandbags</li>
		</linkFlags>
		<altitudeLayer>Waist</altitudeLayer>
		<pathCost>60</pathCost>
		<passability>PassThroughOnly</passability>
		<castEdgeShadows>true</castEdgeShadows>
		<fillPercent>0.6</fillPercent>
		<maxHealth>300</maxHealth>
		<description>Bags of sand that provide mediocre cover from gunfire.
Cover:   60%
Health:  300</description>
		<placingDraggableDimensions>1</placingDraggableDimensions>
		<workToBuild>125</workToBuild>
		<costList>
			<li>
				<thingDef>Sand</thingDef>
				<count>3</count>
			</li>
		</costList>
		<filthLeavings>
			<li>
				<thingDef>SandbagRubble</thingDef>
				<count>2</count>
			</li>
		</filthLeavings>
		<rotatable>false</rotatable>
		<selectable>true</selectable>
		<neverMultiSelect>true</neverMultiSelect>
		<beauty>UglyTiny</beauty>
		<surfaceNeeded>Light</surfaceNeeded>
		<designationCategory>Security</designationCategory>
		<staticSunShadowHeight>0.20</staticSunShadowHeight>
		<constructionEffect>ConstructDig</constructionEffect>
		<repairEffect>ConstructDig</repairEffect>
	</ThingDef>
	
	
	<!--========================= Embrasures =============================-->
	
	
		<ThingDef ParentName="BuildingBase">
		<defName>StoneEmbrasure</defName>
		<eType>BuildingInert</eType>
		<label>Stone Embrasure</label>
		<thingClass>Building</thingClass>
		<linkDrawerType>Basic</linkDrawerType>
		<linkFlags>
			<li>Sandbags</li>
		</linkFlags>
		<category>Building</category>
		<texturePath>Things/Building/SCSecurity/StoneEmbrasure_Atlas</texturePath>
		<blueprintTexturePath>Things/Building/Linked/Sandbags_Blueprint_Atlas</blueprintTexturePath>
		<uiIconPath>Things/Building/SCSecurity/StoneEmbrasure_MenuIcon</uiIconPath>
		<altitudeLayer>Waist</altitudeLayer>
		<passability>Impassable</passability>
		<castEdgeShadows>true</castEdgeShadows>
		<fillPercent>0.9</fillPercent>
		<maxHealth>800</maxHealth>
		<description>A sturdy stone embrasure that provides excellent cover from gunfire.
Cover:   90%
Health:  800</description>
		<placingDraggableDimensions>1</placingDraggableDimensions>
		<workToBuild>250</workToBuild>
		<costList>
			<li>
				<thingDef>StoneBlocks</thingDef>
				<count>10</count>
			</li>
		</costList>
		<filthLeavings>
			<li>
				<thingDef>RockRubble</thingDef>
				<count>2</count>
			</li>
		</filthLeavings>
		<rotatable>false</rotatable>
		<selectable>true</selectable>
		<holdsRoof>true</holdsRoof>
		<blockLight>false</blockLight>
		<neverMultiSelect>true</neverMultiSelect>
		<beauty>UglyTiny</beauty>
		<surfaceNeeded>Light</surfaceNeeded>
		<designationCategory>Security</designationCategory>
		<staticSunShadowHeight>0.20</staticSunShadowHeight>
		<constructionEffect>ConstructDig</constructionEffect>
		<repairEffect>ConstructDig</repairEffect>
		<researchPrerequisite>SecurityI</researchPrerequisite>
	</ThingDef>
  
  
  <!--=============== Manned turrets ===============-->
  
  
	<ThingDef ParentName="BuildingBase">
		<defName>TurretGunManned</defName>
		<eType>Building_Turret</eType>
		<label>Manned Turret</label>
		<thingClass>Building_TurretGun</thingClass>
		<texturePath>Things/Building/SCSecurity/MannedGun_bottom</texturePath>
		<uiIconPath>Things/Building/SCSecurity/MannedGunIco</uiIconPath>
		<altitudeLayer>Waist</altitudeLayer>
		<hasInteractionSquare>True</hasInteractionSquare>
		<interactionSquareOffset>(0,0,-1)</interactionSquareOffset>
		<maxHealth>200</maxHealth>
		<tickerType>Normal</tickerType>
		<comps>
			<li>
				<compClass>CompExplosive</compClass>
				<explosiveRadius>1.9</explosiveRadius>
				<explosiveDamageType>Bomb</explosiveDamageType>
			</li>
			<li>
				<compClass>CompForbiddable</compClass>
			</li>
			<li>
				<compClass>CompMannable</compClass>
			</li>
		</comps>
		<description>An improvised turret that can be manned to fire at nearby enemies. Explodes when damaged.
Range:	 35
Damage:   7
Burst:	  3
Health: 200</description>
		<flammability>1.0</flammability>
		<size>(1,1)</size>
		<passability>Impassable</passability>
		<castEdgeShadows>true</castEdgeShadows>
		<fillPercent>0.4</fillPercent>
		<costList>
			<li>
				<thingDef>SteelBars</thingDef>
				<count>200</count>
			</li>
		</costList>
		<workToBuild>15000</workToBuild>
		<overdraw>true</overdraw>
		<combatTargetBuilding>true</combatTargetBuilding>
		<beauty>Ugly</beauty>
		<filthLeavings>
			<li>
				<thingDef>SlagRubble</thingDef>
				<count>1</count>
			</li>
		</filthLeavings>
		<leaveResourcesWhenKilled>true</leaveResourcesWhenKilled>
		<surfaceNeeded>Light</surfaceNeeded>
		<designationCategory>Security</designationCategory>
		<specialDisplayRadius>25.9</specialDisplayRadius>
		<building>
			<turretGunDef>Gun_TurretImprovised</turretGunDef>
			<turretburstCooldownTicks>300</turretburstCooldownTicks>
			<turretTopTexturePath>Things/Building/SCSecurity/SentryGun_Top</turretTopTexturePath>
		</building>
		<researchPrerequisite>SecurityI</researchPrerequisite>
	</ThingDef>
	
	<ThingDef ParentName="BuildingBase">
		<defName>TurretGunMannedGattling</defName>
		<eType>Building_Turret</eType>
		<label>Manned Gattling Turret</label>
		<thingClass>Building_TurretGun</thingClass>
		<texturePath>Things/Building/SCSecurity/MannedGun_bottom</texturePath>
		<uiIconPath>Things/Building/SCSecurity/MannedGunGattlingIco</uiIconPath>
		<altitudeLayer>Waist</altitudeLayer>
		<hasInteractionSquare>True</hasInteractionSquare>
		<interactionSquareOffset>(0,0,-1)</interactionSquareOffset>
		<maxHealth>200</maxHealth>
		<tickerType>Normal</tickerType>
		<comps>
			<li>
				<compClass>CompExplosive</compClass>
				<explosiveRadius>1.9</explosiveRadius>
				<explosiveDamageType>Bomb</explosiveDamageType>
			</li>
			<li>
				<compClass>CompForbiddable</compClass>
			</li>
			<li>
				<compClass>CompMannable</compClass>
			</li>
		</comps>
		<description>A gattling turret that can be manned to fire at nearby enemies. Explodes when damaged.
Range:	 32
Damage:   8
Burst:	 15
Health: 200</description>
		<flammability>1.0</flammability>
		<size>(1,1)</size>
		<passability>Impassable</passability>
		<castEdgeShadows>true</castEdgeShadows>
		<fillPercent>0.4</fillPercent>
		<costList>
			<li>
				<thingDef>SteelBars</thingDef>
				<count>200</count>
			</li>
		</costList>
		<workToBuild>15000</workToBuild>
		<overdraw>true</overdraw>
		<combatTargetBuilding>true</combatTargetBuilding>
		<beauty>Ugly</beauty>
		<filthLeavings>
			<li>
				<thingDef>SlagRubble</thingDef>
				<count>1</count>
			</li>
		</filthLeavings>
		<leaveResourcesWhenKilled>true</leaveResourcesWhenKilled>
		<surfaceNeeded>Light</surfaceNeeded>
		<designationCategory>Security</designationCategory>
		<specialDisplayRadius>25.9</specialDisplayRadius>
		<building>
			<turretGunDef>Gun_TurretGattlingGun</turretGunDef>
			<turretBurstWarmupTicks>250</turretBurstWarmupTicks>
			<turretTopTexturePath>Things/Building/SCSecurity/SentryGunGattling_Top</turretTopTexturePath>
		</building>
		<researchPrerequisite>SpecializedTurretsM</researchPrerequisite>
	</ThingDef>
	
	<ThingDef ParentName="BuildingBase">
		<defName>TurretGunMannedShotgun</defName>
		<eType>Building_Turret</eType>
		<label>Manned Shotgun Turret</label>
		<thingClass>Building_TurretGun</thingClass>
		<texturePath>Things/Building/SCSecurity/MannedGun_bottom</texturePath>
		<uiIconPath>Things/Building/SCSecurity/MannedGunShotgunIco</uiIconPath>
		<altitudeLayer>Waist</altitudeLayer>
		<hasInteractionSquare>True</hasInteractionSquare>
		<interactionSquareOffset>(0,0,-1)</interactionSquareOffset>
		<maxHealth>200</maxHealth>
		<tickerType>Normal</tickerType>
		<comps>
			<li>
				<compClass>CompExplosive</compClass>
				<explosiveRadius>1.9</explosiveRadius>
				<explosiveDamageType>Bomb</explosiveDamageType>
			</li>
			<li>
				<compClass>CompForbiddable</compClass>
			</li>
			<li>
				<compClass>CompMannable</compClass>
			</li>
		</comps>
		<description>A shotgun turret that can be manned to fire at nearby enemies. Explodes when damaged.
Range:	 16
Damage:  20
Burst:	  1
Health: 200</description>
		<flammability>1.0</flammability>
		<size>(1,1)</size>
		<passability>Impassable</passability>
		<castEdgeShadows>true</castEdgeShadows>
		<fillPercent>0.4</fillPercent>
		<costList>
			<li>
				<thingDef>SteelBars</thingDef>
				<count>200</count>
			</li>
		</costList>
		<workToBuild>15000</workToBuild>
		<overdraw>true</overdraw>
		<combatTargetBuilding>true</combatTargetBuilding>
		<beauty>Ugly</beauty>
		<filthLeavings>
			<li>
				<thingDef>SlagRubble</thingDef>
				<count>1</count>
			</li>
		</filthLeavings>
		<leaveResourcesWhenKilled>true</leaveResourcesWhenKilled>
		<surfaceNeeded>Light</surfaceNeeded>
		<designationCategory>Security</designationCategory>
		<specialDisplayRadius>25.9</specialDisplayRadius>
		<building>
			<turretGunDef>Gun_TurretShotGun</turretGunDef>
			<turretBurstWarmupTicks>108</turretBurstWarmupTicks>
			<turretTopTexturePath>Things/Building/SCSecurity/SentryGunShotgun_Top</turretTopTexturePath>
		</building>
		<researchPrerequisite>SpecializedTurretsM</researchPrerequisite>
	</ThingDef>
	
	<ThingDef ParentName="BuildingBase">
		<defName>TurretGunMannedSniper</defName>
		<eType>Building_Turret</eType>
		<label>Manned Turret</label>
		<thingClass>Building_TurretGun</thingClass>
		<texturePath>Things/Building/SCSecurity/MannedGun_bottom</texturePath>
		<uiIconPath>Things/Building/SCSecurity/MannedGunSniperIco</uiIconPath>
		<altitudeLayer>Waist</altitudeLayer>
		<hasInteractionSquare>True</hasInteractionSquare>
		<interactionSquareOffset>(0,0,-1)</interactionSquareOffset>
		<maxHealth>200</maxHealth>
		<tickerType>Normal</tickerType>
		<comps>
			<li>
				<compClass>CompExplosive</compClass>
				<explosiveRadius>1.9</explosiveRadius>
				<explosiveDamageType>Bomb</explosiveDamageType>
			</li>
			<li>
				<compClass>CompForbiddable</compClass>
			</li>
			<li>
				<compClass>CompMannable</compClass>
			</li>
		</comps>
		<description>A sniper turret that can be manned to fire at nearby enemies. Explodes when damaged.
Range:	 45
Damage:  40
Burst:	  1
Health: 200</description>
		<flammability>1.0</flammability>
		<size>(1,1)</size>
		<passability>Impassable</passability>
		<castEdgeShadows>true</castEdgeShadows>
		<fillPercent>0.4</fillPercent>
		<costList>
			<li>
				<thingDef>SteelBars</thingDef>
				<count>200</count>
			</li>
		</costList>
		<workToBuild>15000</workToBuild>
		<overdraw>true</overdraw>
		<combatTargetBuilding>true</combatTargetBuilding>
		<beauty>Ugly</beauty>
		<filthLeavings>
			<li>
				<thingDef>SlagRubble</thingDef>
				<count>1</count>
			</li>
		</filthLeavings>
		<leaveResourcesWhenKilled>true</leaveResourcesWhenKilled>
		<surfaceNeeded>Light</surfaceNeeded>
		<designationCategory>Security</designationCategory>
		<specialDisplayRadius>25.9</specialDisplayRadius>
		<building>
			<turretGunDef>Gun_TurretSniperGun</turretGunDef>
			<turretBurstWarmupTicks>260</turretBurstWarmupTicks>
			<turretburstCooldownTicks>135</turretburstCooldownTicks>
			<turretTopTexturePath>Things/Building/SCSecurity/SentryGunSniper_Top</turretTopTexturePath>
		</building>
		<researchPrerequisite>SpecializedTurretsM</researchPrerequisite>
	</ThingDef>
	
	
  <!--=============== Mortars ===============-->
  
  
	<ThingDef ParentName="BuildingBase">
		<defName>Turret_MortarBomb</defName>
		<eType>Building_Turret</eType>
		<label>Explosive Mortar</label>
		<thingClass>Building_TurretGun</thingClass>
		<texturePath>Things/Building/Security/TurretMortarBase</texturePath>
		<altitudeLayer>Waist</altitudeLayer>
		<hasInteractionSquare>True</hasInteractionSquare>
		<interactionSquareOffset>(0,0,-1)</interactionSquareOffset>
		<maxHealth>250</maxHealth>
		<tickerType>Normal</tickerType>
		<comps>
			<li>
				<compClass>CompExplosive</compClass>
				<explosiveRadius>4.9</explosiveRadius>
				<explosiveDamageType>Bomb</explosiveDamageType>
			</li>
			<li>
				<compClass>CompForbiddable</compClass>
			</li>
			<li>
				<compClass>CompMannable</compClass>
			</li>
		</comps>
		<description>A mortar that launches explosive shells. Must be manned. Explodes when damaged.
Health:  250</description>
		<flammability>1.0</flammability>
		<size>(2,2)</size>
		<passability>Impassable</passability>
		<castEdgeShadows>true</castEdgeShadows>
		<fillPercent>0.4</fillPercent>
		<costList>
			<li>
				<thingDef>SteelBars</thingDef>
				<count>250</count>
			</li>
		</costList>
		<workToBuild>18750</workToBuild>
		<overdraw>true</overdraw>
		<combatTargetBuilding>true</combatTargetBuilding>
		<beauty>Ugly</beauty>
		<filthLeavings>
			<li>
				<thingDef>SlagRubble</thingDef>
				<count>3</count>
			</li>
		</filthLeavings>
		<leaveResourcesWhenKilled>true</leaveResourcesWhenKilled>
		<surfaceNeeded>Light</surfaceNeeded>
		<designationCategory>Security</designationCategory>
		<building>
			<turretGunDef>Artillery_MortarBomb</turretGunDef>
			<turretBurstWarmupTicks>300</turretBurstWarmupTicks>
			<turretburstCooldownTicks>3000</turretburstCooldownTicks>
			<turretTopTexturePath>Things/Building/Security/TurretMortarBomb_Top</turretTopTexturePath>
			<buildingTags>
				<li>Artillery</li>
				<li>Artillery_BaseDestroyer</li>
			</buildingTags>
		</building>
		<designationHotKey>U</designationHotKey>
		<placementRestricters>
			<li>PlacementRestricter_NotUnderRoof</li>
		</placementRestricters>
		<researchPrerequisite>Mortars</researchPrerequisite>
	</ThingDef>
  
  
	<ThingDef ParentName="BuildingBase">
		<defName>Turret_MortarIncendiary</defName>
		<eType>Building_Turret</eType>
		<label>Incendiary Mortar</label>
		<thingClass>Building_TurretGun</thingClass>
		<texturePath>Things/Building/Security/TurretMortarBase</texturePath>
		<altitudeLayer>Waist</altitudeLayer>
		<hasInteractionSquare>True</hasInteractionSquare>
		<interactionSquareOffset>(0,0,-1)</interactionSquareOffset>
		<maxHealth>250</maxHealth>
		<tickerType>Normal</tickerType>
		<comps>
			<li>
				<compClass>CompExplosive</compClass>
				<explosiveRadius>4.9</explosiveRadius>
				<explosiveDamageType>Flame</explosiveDamageType>
			</li>
			<li>
				<compClass>CompForbiddable</compClass>
			</li>
			<li>
				<compClass>CompMannable</compClass>
			</li>
		</comps>
		<description>A mortar that launches incendiary shells. Must be manned. Explodes when damaged.
Health:  250</description>
		<flammability>1.0</flammability>
		<size>(2,2)</size>
		<passability>Impassable</passability>
		<castEdgeShadows>true</castEdgeShadows>
		<fillPercent>0.4</fillPercent>
		<costList>
			<li>
				<thingDef>SteelBars</thingDef>
				<count>250</count>
			</li>
		</costList>
		<workToBuild>18750</workToBuild>
		<overdraw>true</overdraw>
		<combatTargetBuilding>true</combatTargetBuilding>
		<beauty>Ugly</beauty>
		<filthLeavings>
			<li>
				<thingDef>SlagRubble</thingDef>
				<count>3</count>
			</li>
		</filthLeavings>
		<leaveResourcesWhenKilled>true</leaveResourcesWhenKilled>
		<surfaceNeeded>Light</surfaceNeeded>
		<designationCategory>Security</designationCategory>
		<building>
			<turretGunDef>Artillery_MortarIncendiary</turretGunDef>
			<turretBurstWarmupTicks>300</turretBurstWarmupTicks>
			<turretburstCooldownTicks>3000</turretburstCooldownTicks>
			<turretTopTexturePath>Things/Building/Security/TurretMortarIncendiary_Top</turretTopTexturePath>
			<buildingTags>
				<li>Artillery</li>
				<li>Artillery_BaseDestroyer</li>
			</buildingTags>
		</building>
		<designationHotKey>U</designationHotKey>
		<placementRestricters>
			<li>PlacementRestricter_NotUnderRoof</li>
		</placementRestricters>
		<researchPrerequisite>Mortars</researchPrerequisite>
	</ThingDef>
	
	<ThingDef ParentName="BuildingBase">
		<defName>Turret_MortarEMP</defName>
		<eType>Building_Turret</eType>
		<label>EMP Mortar</label>
		<thingClass>Building_TurretGun</thingClass>
		<texturePath>Things/Building/Security/TurretMortarBase</texturePath>
		<altitudeLayer>Waist</altitudeLayer>
		<hasInteractionSquare>True</hasInteractionSquare>
		<interactionSquareOffset>(0,0,-1)</interactionSquareOffset>
		<maxHealth>250</maxHealth>
		<tickerType>Normal</tickerType>
		<comps>
			<li>
				<compClass>CompExplosive</compClass>
				<explosiveRadius>4.9</explosiveRadius>
				<explosiveDamageType>EMP</explosiveDamageType>
			</li>
			<li>
				<compClass>CompForbiddable</compClass>
			</li>
			<li>
				<compClass>CompMannable</compClass>
			</li>
		</comps>
		<description>A mortar that launches EMP bombs. Must be manned. Explodes when damaged.
Health:  250</description>
		<flammability>1.0</flammability>
		<size>(2,2)</size>
		<passability>Impassable</passability>
		<castEdgeShadows>true</castEdgeShadows>
		<fillPercent>0.4</fillPercent>
		<costList>
			<li>
				<thingDef>SteelBars</thingDef>
				<count>250</count>
			</li>
		</costList>
		<workToBuild>18750</workToBuild>
		<overdraw>true</overdraw>
		<combatTargetBuilding>true</combatTargetBuilding>
		<beauty>Ugly</beauty>
		<filthLeavings>
			<li>
				<thingDef>SlagRubble</thingDef>
				<count>2</count>
			</li>
		</filthLeavings>
		<leaveResourcesWhenKilled>true</leaveResourcesWhenKilled>
		<surfaceNeeded>Light</surfaceNeeded>
		<designationCategory>Security</designationCategory>
		<building>
			<turretGunDef>Artillery_MortarEMP</turretGunDef>
			<turretBurstWarmupTicks>300</turretBurstWarmupTicks>
			<turretburstCooldownTicks>3000</turretburstCooldownTicks>
			<turretTopTexturePath>Things/Building/Security/TurretMortarEMP_Top</turretTopTexturePath>
			<buildingTags>
				<li>Artillery</li>
				<li>Artillery_BaseDestroyer</li>
			</buildingTags>
		</building>
		<placementRestricters>
			<li>PlacementRestricter_NotUnderRoof</li>
		</placementRestricters>
		<researchPrerequisite>Mortars</researchPrerequisite>
	</ThingDef>
  
  
<!--=============== AI turret ===============-->
  
  
	<ThingDef ParentName="BuildingBase">
		<defName>TurretGun</defName>
		<eType>Building_Turret</eType>
		<label>Sentry Turret (Standard)</label>
		<thingClass>Building_TurretGun</thingClass>
		<texturePath>Things/Building/SCSecurity/SentryGun_bottom</texturePath>
		<uiIconPath>Things/Building/SCSecurity/SentryGunIco</uiIconPath>
		<altitudeLayer>Waist</altitudeLayer>
		<maxHealth>200</maxHealth>
		<tickerType>Normal</tickerType>
		<comps>
			<li>
				<compClass>CompExplosive</compClass>
				<explosiveRadius>3.9</explosiveRadius>
				<explosiveDamageType>Bomb</explosiveDamageType>
			</li>
			<li>
				<compClass>CompForbiddable</compClass>
			</li>
			<li>
				<compClass>CompPowerTrader</compClass>
				<basePowerConsumption>350</basePowerConsumption>
			</li>
		</comps>
		<description>A turret that automatically fires at nearby enemies. Must be powered. Explodes when damaged.
Range:	 35
Damage:   7
Burst:	  3
Health: 200</description>
		<flammability>1.0</flammability>
		<size>(1,1)</size>
		<passability>Impassable</passability>
		<castEdgeShadows>true</castEdgeShadows>
		<fillPercent>0.4</fillPercent>
		<costList>
			<li>
				<thingDef>SteelBars</thingDef>
				<count>200</count>
			</li>
			<li>
				<thingDef>AIChips</thingDef>
				<count>1</count>
			</li>
		</costList>
		<workToBuild>11250</workToBuild>
		<overdraw>true</overdraw>
		<combatTargetBuilding>true</combatTargetBuilding>
		<beauty>Ugly</beauty>
		<filthLeavings>
			<li>
				<thingDef>SlagRubble</thingDef>
				<count>2</count>
			</li>
		</filthLeavings>
		<leaveResourcesWhenKilled>true</leaveResourcesWhenKilled>
		<surfaceNeeded>Light</surfaceNeeded>
		<designationCategory>Security</designationCategory>
		<specialDisplayRadius>34.9</specialDisplayRadius>
		<building>
			<turretGunDef>Gun_TurretSentry</turretGunDef>
			<turretburstCooldownTicks>300</turretburstCooldownTicks>
			<turretTopTexturePath>Things/Building/SCSecurity/SentryGun_Top</turretTopTexturePath>
		</building>
		<researchPrerequisite>SecurityIII</researchPrerequisite>
	</ThingDef>
	
	<ThingDef ParentName="BuildingBase">
		<defName>TurretGunGattling</defName>
		<eType>Building_Turret</eType>
		<label>Sentry Turret (Gattling)</label>
		<thingClass>Building_TurretGun</thingClass>
		<texturePath>Things/Building/SCSecurity/SentryGun_bottom</texturePath>
		<uiIconPath>Things/Building/SCSecurity/SentryGunGattlingIco</uiIconPath>
		<altitudeLayer>Waist</altitudeLayer>
		<maxHealth>200</maxHealth>
		<tickerType>Normal</tickerType>
		<comps>
			<li>
				<compClass>CompExplosive</compClass>
				<explosiveRadius>3.9</explosiveRadius>
				<explosiveDamageType>Bomb</explosiveDamageType>
			</li>
			<li>
				<compClass>CompForbiddable</compClass>
			</li>
			<li>
				<compClass>CompPowerTrader</compClass>
				<basePowerConsumption>350</basePowerConsumption>
			</li>
		</comps>
		<description>A gattling turret that automatically fires at nearby enemies. Must be powered. Explodes when damaged.
Range:	 32
Damage:   8
Burst:	 15
Health: 200</description>
		<flammability>1.0</flammability>
		<size>(1,1)</size>
		<passability>Impassable</passability>
		<castEdgeShadows>true</castEdgeShadows>
		<fillPercent>0.4</fillPercent>
		<costList>
			<li>
				<thingDef>SteelBars</thingDef>
				<count>200</count>
			</li>
			<li>
				<thingDef>AIChips</thingDef>
				<count>1</count>
			</li>
		</costList>
		<workToBuild>11250</workToBuild>
		<overdraw>true</overdraw>
		<combatTargetBuilding>true</combatTargetBuilding>
		<beauty>Ugly</beauty>
		<filthLeavings>
			<li>
				<thingDef>SlagRubble</thingDef>
				<count>2</count>
			</li>
		</filthLeavings>
		<leaveResourcesWhenKilled>true</leaveResourcesWhenKilled>
		<surfaceNeeded>Light</surfaceNeeded>
		<designationCategory>Security</designationCategory>
		<specialDisplayRadius>31.9</specialDisplayRadius>
		<building>
			<turretGunDef>Gun_TurretGattlingGun</turretGunDef>
			<turretBurstWarmupTicks>250</turretBurstWarmupTicks>
			<turretTopTexturePath>Things/Building/SCSecurity/SentryGunGattling_Top</turretTopTexturePath>
		</building>
		<researchPrerequisite>SpecializedTurretsU</researchPrerequisite>
	</ThingDef>
	
	<ThingDef ParentName="BuildingBase">
		<defName>TurretGunShotgun</defName>
		<eType>Building_Turret</eType>
		<label>Sentry Turret (Shotgun)</label>
		<thingClass>Building_TurretGun</thingClass>
		<texturePath>Things/Building/SCSecurity/SentryGun_bottom</texturePath>
		<uiIconPath>Things/Building/SCSecurity/SentryGunShotgunIco</uiIconPath>
		<altitudeLayer>Waist</altitudeLayer>
		<maxHealth>200</maxHealth>
		<tickerType>Normal</tickerType>
		<comps>
			<li>
				<compClass>CompExplosive</compClass>
				<explosiveRadius>3.9</explosiveRadius>
				<explosiveDamageType>Bomb</explosiveDamageType>
			</li>
			<li>
				<compClass>CompForbiddable</compClass>
			</li>
			<li>
				<compClass>CompPowerTrader</compClass>
				<basePowerConsumption>350</basePowerConsumption>
			</li>
		</comps>
		<description>A shotgun turret that automatically fires at nearby enemies. Must be powered. Explodes when damaged.
Range:	 16
Damage:  20
Burst:	  1
Health: 200</description>
		<flammability>1.0</flammability>
		<size>(1,1)</size>
		<passability>Impassable</passability>
		<castEdgeShadows>true</castEdgeShadows>
		<fillPercent>0.4</fillPercent>
		<costList>
			<li>
				<thingDef>SteelBars</thingDef>
				<count>200</count>
			</li>
			<li>
				<thingDef>AIChips</thingDef>
				<count>1</count>
			</li>
		</costList>
		<workToBuild>11250</workToBuild>
		<overdraw>true</overdraw>
		<combatTargetBuilding>true</combatTargetBuilding>
		<beauty>Ugly</beauty>
		<filthLeavings>
			<li>
				<thingDef>SlagRubble</thingDef>
				<count>2</count>
			</li>
		</filthLeavings>
		<leaveResourcesWhenKilled>true</leaveResourcesWhenKilled>
		<surfaceNeeded>Light</surfaceNeeded>
		<designationCategory>Security</designationCategory>
		<specialDisplayRadius>15.9</specialDisplayRadius>
		<building>
			<turretGunDef>Gun_TurretShotGun</turretGunDef>
			<turretBurstWarmupTicks>108</turretBurstWarmupTicks>
			<turretTopTexturePath>Things/Building/SCSecurity/SentryGunShotgun_Top</turretTopTexturePath>
		</building>
		<researchPrerequisite>SpecializedTurretsU</researchPrerequisite>
	</ThingDef>
	
	<ThingDef ParentName="BuildingBase">
		<defName>TurretGunSniper</defName>
		<eType>Building_Turret</eType>
		<label>Sentry Turret (Sniper)</label>
		<thingClass>Building_TurretGun</thingClass>
		<texturePath>Things/Building/SCSecurity/SentryGun_bottom</texturePath>
		<uiIconPath>Things/Building/SCSecurity/SentryGunSniperIco</uiIconPath>
		<altitudeLayer>Waist</altitudeLayer>
		<maxHealth>200</maxHealth>
		<tickerType>Normal</tickerType>
		<comps>
			<li>
				<compClass>CompExplosive</compClass>
				<explosiveRadius>3.9</explosiveRadius>
				<explosiveDamageType>Bomb</explosiveDamageType>
			</li>
			<li>
				<compClass>CompForbiddable</compClass>
			</li>
			<li>
				<compClass>CompPowerTrader</compClass>
				<basePowerConsumption>350</basePowerConsumption>
			</li>
		</comps>
		<description>A sniper turret that automatically fires at nearby enemies. Must be powered. Explodes when damaged.
Range:	 45
Damage:  40
Burst:	  1
Health: 200</description>
		<flammability>1.0</flammability>
		<size>(1,1)</size>
		<passability>Impassable</passability>
		<castEdgeShadows>true</castEdgeShadows>
		<fillPercent>0.4</fillPercent>
		<costList>
			<li>
				<thingDef>SteelBars</thingDef>
				<count>200</count>
			</li>
			<li>
				<thingDef>AIChips</thingDef>
				<count>1</count>
			</li>
		</costList>
		<workToBuild>11250</workToBuild>
		<overdraw>true</overdraw>
		<combatTargetBuilding>true</combatTargetBuilding>
		<beauty>Ugly</beauty>
		<filthLeavings>
			<li>
				<thingDef>SlagRubble</thingDef>
				<count>2</count>
			</li>
		</filthLeavings>
		<leaveResourcesWhenKilled>true</leaveResourcesWhenKilled>
		<surfaceNeeded>Light</surfaceNeeded>
		<designationCategory>Security</designationCategory>
		<specialDisplayRadius>44.9</specialDisplayRadius>
		<building>
			<turretGunDef>Gun_TurretSniperGun</turretGunDef>
			<turretBurstWarmupTicks>260</turretBurstWarmupTicks>
			<turretburstCooldownTicks>135</turretburstCooldownTicks>
			<turretTopTexturePath>Things/Building/SCSecurity/SentryGunSniper_Top</turretTopTexturePath>
		</building>
		<researchPrerequisite>SpecializedTurretsU</researchPrerequisite>
	</ThingDef>
  
  
</ThingDefs>