<?xml version="1.0" encoding="utf-8" ?>


<ThingDefs>

	<ThingDef Name="BuildingBase" Abstract="True">
		<category>Building</category>
		<soundBulletHit>BulletImpactMetal</soundBulletHit>
		<selectable>true</selectable>
		<drawerType>MapMeshAndRealTime</drawerType>
		<surfaceNeeded>Light</surfaceNeeded>
		<constructionEffect>ConstructMetal</constructionEffect>
		<repairEffect>Repair</repairEffect>
	</ThingDef>
  
<!-- ========================= Basic Work tables (No research required)==========================-->


	<ThingDef ParentName="BuildingBase">
		<DefName>TableSawmillHand</DefName>
		<EType>Building_WorkTable</EType>
		<Label>Hand sawmill</Label>
		<ThingClass>Building_WorkTable</ThingClass>
		<Description>A small muscle-powered sawmill for cutting logs into wood planks.</Description>
		<TexturePath>Things/Building/Production/TableSawmillHand</TexturePath>
		<CostList>
			<li>
				<thingDef>WoodLog</thingDef>
				<count>50</count>
			</li>
			<li>
				<thingDef>Metal</thingDef>
				<count>10</count>
			</li>
		</CostList>
		<AltitudeLayer>Waist</AltitudeLayer>
		<WorkToBuild>1200</WorkToBuild>
		<UseStandardHealth>True</UseStandardHealth>
		<maxHealth>120</maxHealth>
		<Size>(3,1)</Size>
		<Overdraw>False</Overdraw>
		<DesignationCategory>Production</DesignationCategory>
		<Passability>Impassable</Passability>
		<hasInteractionSquare>True</hasInteractionSquare>
		<interactionSquareOffset>(0,0,-1)</interactionSquareOffset>
		<itemSurface>True</itemSurface>
		<constructionEffect>ConstructWood</constructionEffect>
		<recipes>
			<li>MakeWoodPlanks_Hand</li>
		</recipes>
		<inspectorTabs>
			<li>ITab_Bills</li>
		</inspectorTabs>
		<comps>
			<li>
				<compClass>CompForbiddable</compClass>
			</li>
		</comps>
		<building>
			<spawnedConceptLearnOpportunity>BillsTab</spawnedConceptLearnOpportunity>
		</building>
	</ThingDef>
  
	<ThingDef ParentName="BuildingBase">
		<DefName>TableStonecutter</DefName>
		<EType>Building_WorkTable</EType>
		<Label>Stonecutter's table</Label>
		<ThingClass>Building_WorkTable</ThingClass>
		<Description>A work table equipped to cut rough stone into usable blocks.</Description>
		<TexturePath>Things/Building/SCProduction/TableWorkbench3x1</TexturePath>
		<CostList>
			<li>
				<thingDef>WoodLog</thingDef>
				<count>30</count>
			</li>
			<li>
				<thingDef>Metal</thingDef>
				<count>30</count>
			</li>
		</CostList>
		<AltitudeLayer>Waist</AltitudeLayer>
		<WorkToBuild>1200</WorkToBuild>
		<UseStandardHealth>True</UseStandardHealth>
		<maxHealth>120</maxHealth>
		<Size>(3,1)</Size>
		<Overdraw>False</Overdraw>
		<DesignationCategory>Production</DesignationCategory>
		<Passability>Impassable</Passability>
		<hasInteractionSquare>True</hasInteractionSquare>
		<interactionSquareOffset>(0,0,-1)</interactionSquareOffset>
		<itemSurface>True</itemSurface>
		<recipes>
			<li>MakeStoneBlocks_Hand</li>
			<li>MakeSand_Hand</li>
		</recipes>
		<inspectorTabs>
			<li>ITab_Bills</li>
		</inspectorTabs>
		<comps>
			<li>
				<compClass>CompForbiddable</compClass>
			</li>
		</comps>
		<building>
			<spawnedConceptLearnOpportunity>BillsTab</spawnedConceptLearnOpportunity>
		</building>
	</ThingDef>
  
	<ThingDef ParentName="BuildingBase">
		<DefName>Furnace</DefName>
		<EType>Building_WorkTable</EType>
		<Label>Furnace</Label>
		<ThingClass>Building_WorkTable</ThingClass>
		<Description>A crude furnace that converts Metal Ore to Bars.</Description>
		<TexturePath>Things/Building/SCProduction/Furnace3x1</TexturePath>
		<CostList>
			<li>
				<thingDef>WoodPlank</thingDef>
				<count>10</count>
			</li>
			<li>
				<thingDef>StoneBlocks</thingDef>
				<count>50</count>
			</li>
		</CostList>
		<AltitudeLayer>Waist</AltitudeLayer>
		<WorkToBuild>4800</WorkToBuild>
		<UseStandardHealth>True</UseStandardHealth>
		<maxHealth>120</maxHealth>
		<Size>(3,1)</Size>
		<Overdraw>False</Overdraw>
		<DesignationCategory>Production</DesignationCategory>
		<Passability>Impassable</Passability>
		<hasInteractionSquare>True</hasInteractionSquare>
		<interactionSquareOffset>(0,0,-1)</interactionSquareOffset>
		<itemSurface>True</itemSurface>
		<recipes>
			<li>ExtractMetalFromOre_Hand</li>
		</recipes>
		<inspectorTabs>
			<li>ITab_Bills</li>
		</inspectorTabs>
		<comps>
			<li>
				<compClass>CompForbiddable</compClass>
			</li>
			<li>
				<compClass>CompGlower</compClass>
				<glowRadius>6</glowRadius>
				<glowColor>(217,112,33,0)</glowColor>
			</li>
		</comps>
		<building>
			<spawnedConceptLearnOpportunity>BillsTab</spawnedConceptLearnOpportunity>
		</building>
	</ThingDef>  


<!-- ========================= Advanced Work tables ==========================-->


	<ThingDef ParentName="BuildingBase">
		<DefName>TableSawmillElectric</DefName>
		<EType>Building_WorkTable</EType>
		<Label>Powered Crafting Table</Label>
		<ThingClass>Building_WorkTable</ThingClass>
		<Description>A small electrically-powered table for cutting logs and stone blocks.</Description>
		<TexturePath>Things/Building/SCProduction/PoweredCrafting3x1</TexturePath>
		<CostList>
			<li>
				<thingDef>WoodPlank</thingDef>
				<count>120</count>
			</li>
			<li>
				<thingDef>SteelBars</thingDef>
				<count>50</count>
			</li>
		</CostList>
		<AltitudeLayer>Waist</AltitudeLayer>
		<WorkToBuild>8500</WorkToBuild>
		<UseStandardHealth>True</UseStandardHealth>
		<maxHealth>340</maxHealth>
		<Size>(3,1)</Size>
		<Overdraw>False</Overdraw>
		<DesignationCategory>Production</DesignationCategory>
		<Passability>Impassable</Passability>
		<hasInteractionSquare>True</hasInteractionSquare>
		<interactionSquareOffset>(0,0,-1)</interactionSquareOffset>
		<itemSurface>True</itemSurface>
		<recipes>
			<li>MakeWoodPlanks_Machine</li>
			<li>MakeStoneBlocks_Machine</li>
			<li>MakeSand_Machine</li>
		</recipes>
		<inspectorTabs>
			<li>ITab_Bills</li>
		</inspectorTabs>
		<building>
			<spawnedConceptLearnOpportunity>BillsTab</spawnedConceptLearnOpportunity>
		</building>
		<comps>
			<li>
				<compClass>CompPowerTrader</compClass>
				<startElectricalFires>true</startElectricalFires>
				<basePowerConsumption>350</basePowerConsumption>
				<soundPowerOn>PowerOnSmall</soundPowerOn>
				<soundPowerOff>PowerOffSmall</soundPowerOff>
			</li>
		</comps>
		<researchPrerequisite>ElectricSmelting</researchPrerequisite>
	</ThingDef>
  
	<ThingDef ParentName="BuildingBase">
		<DefName>ElectricSmelter</DefName>
		<EType>Building_WorkTable</EType>
		<Label>Smelter</Label>
		<ThingClass>Building_WorkTable</ThingClass>
		<Description>Turns metal ore or slag into bars. Consumes a lot of power.</Description>
		<TexturePath>Things/Building/SCProduction/Smelter3x1</TexturePath>
		<CostList>
			<li>
				<thingDef>StoneBlocks</thingDef>
				<count>120</count>
			</li>
			<li>
				<thingDef>SteelBars</thingDef>
				<count>50</count>
			</li>
		</CostList>
		<AltitudeLayer>Waist</AltitudeLayer>
		<WorkToBuild>13600</WorkToBuild>
		<UseStandardHealth>True</UseStandardHealth>
		<maxHealth>340</maxHealth>
		<Size>(3,1)</Size>
		<Overdraw>False</Overdraw>
		<DesignationCategory>Production</DesignationCategory>
		<Passability>Impassable</Passability>
		<hasInteractionSquare>True</hasInteractionSquare>
		<interactionSquareOffset>(0,0,-1)</interactionSquareOffset>
		<itemSurface>True</itemSurface>
		<recipes>
			<li>ExtractMetalFromSlag</li>
			<li>ExtractMetalFromOre_Machine</li>
		</recipes>
		<inspectorTabs>
			<li>ITab_Bills</li>
		</inspectorTabs>
		<comps>
			<li>
				<compClass>CompPowerTrader</compClass>
				<basePowerConsumption>700</basePowerConsumption>
				<startElectricalFires>true</startElectricalFires>
				<soundPowerOn>PowerOnSmall</soundPowerOn>
				<soundPowerOff>PowerOffSmall</soundPowerOff>
			</li>
			<li>
				<compClass>CompGlower</compClass>
				<glowRadius>6</glowRadius>
				<glowColor>(217,112,33,0)</glowColor>
			</li>
		</comps>
		<building>
			<spawnedConceptLearnOpportunity>BillsTab</spawnedConceptLearnOpportunity>
		</building>
		<researchPrerequisite>ElectricSmelting</researchPrerequisite>
	</ThingDef>
  
  
<!-- ========================= Specialty Work tables ==========================-->


	<ThingDef ParentName="BuildingBase">
		<DefName>Brewery</DefName>
		<EType>Building_WorkTable</EType>
		<Label>Brewery</Label>
		<ThingClass>Building_WorkTable</ThingClass>
		<Description>A brewing station used to craft berry wine and ethanol fuel.</Description>
		<TexturePath>Things/Building/SCProduction/Brewery4x1</TexturePath>
		<CostList>
			<li>
				<thingDef>WoodPlank</thingDef>
				<count>40</count>
			</li>
			<li>
				<thingDef>SteelBars</thingDef>
				<count>120</count>
			</li>
			<li>
				<thingDef>Glass</thingDef>
				<count>80</count>
			</li>
		</CostList>
		<AltitudeLayer>Waist</AltitudeLayer>
		<WorkToBuild>19200</WorkToBuild>
		<UseStandardHealth>True</UseStandardHealth>
		<maxHealth>480</maxHealth>
		<Size>(4,1)</Size>
		<Overdraw>False</Overdraw>
		<DesignationCategory>Production</DesignationCategory>
		<Passability>Impassable</Passability>
		<hasInteractionSquare>True</hasInteractionSquare>
		<interactionSquareOffset>(0,0,-1)</interactionSquareOffset>
		<itemSurface>True</itemSurface>
		<recipes>
			<li>MakeBerryWine</li>
			<li>MakeEthanolFuel</li>
		</recipes>
		<inspectorTabs>
			<li>ITab_Bills</li>
		</inspectorTabs>
		<comps>
			<li>
				<compClass>CompPowerTrader</compClass>
				<startElectricalFires>true</startElectricalFires>
				<basePowerConsumption>150</basePowerConsumption>
				<soundPowerOn>PowerOnSmall</soundPowerOn>
				<soundPowerOff>PowerOffSmall</soundPowerOff>
			</li>
		</comps>
		<building>
			<spawnedConceptLearnOpportunity>BillsTab</spawnedConceptLearnOpportunity>
		</building>
		<researchPrerequisite>Brewing</researchPrerequisite>
	</ThingDef>

	<ThingDef ParentName="BuildingBase">
		<DefName>ChemTable</DefName>
		<EType>Building_WorkTable</EType>
		<Label>Chemlab</Label>
		<ThingClass>Building_WorkTable</ThingClass>
		<Description>A small chemical labratory, used to craft medkits and other concoctions.</Description>
		<TexturePath>Things/Building/SCProduction/Chemlab3x1</TexturePath>
		<CostList>
			<li>
				<thingDef>SteelBars</thingDef>
				<count>40</count>
			</li>
			<li>
				<thingDef>Glass</thingDef>
				<count>20</count>
			</li>
		</CostList>
		<AltitudeLayer>Waist</AltitudeLayer>
		<WorkToBuild>3000</WorkToBuild>
		<UseStandardHealth>True</UseStandardHealth>
		<maxHealth>120</maxHealth>
		<Size>(3,1)</Size>
		<Overdraw>False</Overdraw>
		<DesignationCategory>Production</DesignationCategory>
		<Passability>Impassable</Passability>
		<hasInteractionSquare>True</hasInteractionSquare>
		<interactionSquareOffset>(0,0,-1)</interactionSquareOffset>
		<itemSurface>True</itemSurface>
		<recipes>
			<li>LearnConstruction</li>
			<li>LearnCooking</li>
			<li>LearnCrafting</li>
			<li>LearnGrowing</li>
			<li>LearnMedical</li>
			<li>LearnMining</li>
			<li>LearnResearch</li>
			<li>LearnSocial</li>
		</recipes>
		<inspectorTabs>
			<li>ITab_Bills</li>
		</inspectorTabs>
		<comps>
			<li>
				<compClass>CompPowerTrader</compClass>
				<startElectricalFires>true</startElectricalFires>
				<basePowerConsumption>150</basePowerConsumption>
				<soundPowerOn>PowerOnSmall</soundPowerOn>
				<soundPowerOff>PowerOffSmall</soundPowerOff>
			</li>
		</comps>
		<building>
			<spawnedConceptLearnOpportunity>BillsTab</spawnedConceptLearnOpportunity>
		</building>
		<researchPrerequisite>Medicine</researchPrerequisite>
	</ThingDef>

	<ThingDef ParentName="BuildingBase">
		<DefName>Composter</DefName>
		<EType>Building_WorkTable</EType>
		<Label>Composter</Label>
		<ThingClass>Building_WorkTable</ThingClass>
		<Description>A composter used to turn wood logs into mulch.</Description>
		<TexturePath>Things/Building/SCProduction/QuickMulcher1x2</TexturePath>
		<CostList>
			<li>
				<thingDef>SteelBars</thingDef>
				<count>60</count>
			</li>
		</CostList>
		<AltitudeLayer>Waist</AltitudeLayer>
		<WorkToBuild>3000</WorkToBuild>
		<UseStandardHealth>True</UseStandardHealth>
		<maxHealth>120</maxHealth>
		<Size>(1,2)</Size>
		<Overdraw>False</Overdraw>
		<DesignationCategory>Production</DesignationCategory>
		<Passability>Impassable</Passability>
		<hasInteractionSquare>True</hasInteractionSquare>
		<interactionSquareOffset>(0,0,-1)</interactionSquareOffset>
		<itemSurface>True</itemSurface>
		<recipes>
			<li>MakeMulch</li>
		</recipes>
		<inspectorTabs>
			<li>ITab_Bills</li>
		</inspectorTabs>
		<comps>
			<li>
				<compClass>CompPowerTrader</compClass>
				<startElectricalFires>true</startElectricalFires>
				<basePowerConsumption>150</basePowerConsumption>
				<soundPowerOn>PowerOnSmall</soundPowerOn>
				<soundPowerOff>PowerOffSmall</soundPowerOff>
			</li>
		</comps>
		<building>
			<spawnedConceptLearnOpportunity>BillsTab</spawnedConceptLearnOpportunity>
		</building>
		<researchPrerequisite>AgricultureII</researchPrerequisite>
	</ThingDef>
  
  
    <ThingDef ParentName="BuildingBase">
		<defName>CookStove</defName>
		<EType>Building_WorkTable</EType>
		<Label>Cookstove</Label>
		<ThingClass>Building_WorkTable</ThingClass>
		<Description>A simple stove and attached countertop for preparing meals from simpler ingredients. Needs to be powered.</Description>
		<TexturePath>Things/Building/SCProduction/CookStove3x1</TexturePath>
		<CostList>
			<li>
				<thingDef>StoneBlocks</thingDef>
				<count>30</count>
			</li>
			<li>
				<thingDef>SteelBars</thingDef>
				<count>20</count>
			</li>
			<li>
				<thingDef>WoodPlank</thingDef>
				<count>10</count>
			</li>
		</CostList>
		<AltitudeLayer>Waist</AltitudeLayer>
		<WorkToBuild>4800</WorkToBuild>
		<UseStandardHealth>True</UseStandardHealth>
		<maxHealth>120</maxHealth>
		<Size>(3,1)</Size>
		<Overdraw>False</Overdraw>
		<DesignationCategory>Production</DesignationCategory>
		<Passability>Impassable</Passability>
		<hasInteractionSquare>True</hasInteractionSquare>
		<interactionSquareOffset>(0,0,-1)</interactionSquareOffset>
		<itemSurface>True</itemSurface>
		<recipes>
			<li>CookMealSimple</li>
			<li>CookMealFine</li>
			<li>CookMealLavish</li>
		</recipes>
		<inspectorTabs>
			<li>ITab_Bills</li>
		</inspectorTabs>
		<comps>
			<li>
				<compClass>CompPowerTrader</compClass>
				<startElectricalFires>true</startElectricalFires>
				<basePowerConsumption>350</basePowerConsumption>
				<soundPowerOn>PowerOnSmall</soundPowerOn>
				<soundPowerOff>PowerOffSmall</soundPowerOff>
			</li>
		</comps>
		<building>
			<spawnedConceptLearnOpportunity>BillsTab</spawnedConceptLearnOpportunity>
		</building>
		<designationHotKey>O</designationHotKey>
		<researchPrerequisite>PowerI</researchPrerequisite>
	</ThingDef>
  
  
	<ThingDef ParentName="BuildingBase">
		<DefName>Crematorium</DefName>
		<EType>Building_WorkTable</EType>
		<Label>Crematorium</Label>
		<ThingClass>Building_WorkTable</ThingClass>
		<Description>Cremates corpses.</Description>
		<TexturePath>Things/Building/SCProduction/Crematorium3x2</TexturePath>
		<CostList>
			<li>
				<thingDef>SteelBars</thingDef>
				<count>20</count>
			</li>
			<li>
				<thingDef>StoneBlocks</thingDef>
				<count>100</count>
			</li>
		</CostList>
		<AltitudeLayer>Waist</AltitudeLayer>
		<WorkToBuild>9600</WorkToBuild>
		<UseStandardHealth>True</UseStandardHealth>
		<maxHealth>240</maxHealth>
		<Size>(3,2)</Size>
		<Overdraw>False</Overdraw>
		<DesignationCategory>Production</DesignationCategory>
		<Passability>Impassable</Passability>
		<hasInteractionSquare>True</hasInteractionSquare>
		<interactionSquareOffset>(0,0,-1)</interactionSquareOffset>
		<itemSurface>True</itemSurface>
		<recipes>
			<li>CremateCorpse</li>
			<li>BurnClothes</li>
		</recipes>
		<inspectorTabs>
			<li>ITab_Bills</li>
		</inspectorTabs>
		<comps>
			<li>
				<compClass>CompPowerTrader</compClass>
				<basePowerConsumption>700</basePowerConsumption>
				<startElectricalFires>true</startElectricalFires>
				<soundPowerOn>PowerOnSmall</soundPowerOn>
				<soundPowerOff>PowerOffSmall</soundPowerOff>
			</li>
			<li>
				<compClass>CompGlower</compClass>
				<glowRadius>6</glowRadius>
				<glowColor>(217,112,33,0)</glowColor>
			</li>
		</comps>
		<building>
			<spawnedConceptLearnOpportunity>BillsTab</spawnedConceptLearnOpportunity>
		</building>
		<researchPrerequisite>Cremation</researchPrerequisite>
	</ThingDef>
  
  
	<ThingDef ParentName="BuildingBase">
		<DefName>TableButcher</DefName>
		<EType>Building_WorkTable</EType>
		<Label>Food Prep Table</Label>
		<ThingClass>Building_WorkTable</ThingClass>
		<Description>A heavy table used for butchering dead creatures into pieces of raw meat, and making simple salads.</Description>
		<TexturePath>Things/Building/SCProduction/PrepTable3x1</TexturePath>
		<CostList>
			<li>
				<thingDef>WoodPlank</thingDef>
				<count>40</count>
			</li>
			<li>
				<thingDef>SteelBars</thingDef>
				<count>20</count>
			</li>
		</CostList>
		<constructionEffect>ConstructWood</constructionEffect>
		<constructionAnimation>WoodTiles</constructionAnimation>
		<AltitudeLayer>Waist</AltitudeLayer>
		<WorkToBuild>3000</WorkToBuild>
		<UseStandardHealth>True</UseStandardHealth>
		<maxHealth>120</maxHealth>
		<Size>(3,1)</Size>
		<Overdraw>False</Overdraw>
		<DesignationCategory>Production</DesignationCategory>
		<Passability>Impassable</Passability>
		<hasInteractionSquare>True</hasInteractionSquare>
		<interactionSquareOffset>(0,0,-1)</interactionSquareOffset>
		<itemSurface>True</itemSurface>
		<recipes>
			<li>MakeSimpleSalad</li>
			<li>ButcherMuffalo</li>
			<li>ButcherDeer</li>
			<li>ButcherCorpseFlesh</li>
		</recipes>
		<inspectorTabs>
			<li>ITab_Bills</li>
		</inspectorTabs>
		<comps>
			<li>
				<compClass>CompForbiddable</compClass>
			</li>
		</comps>
		<building>
			<spawnedConceptLearnOpportunity>BillsTab</spawnedConceptLearnOpportunity>
		</building>
	</ThingDef>
	
	<ThingDef ParentName="BuildingBase">
		<DefName>TableGlassworks</DefName>
		<EType>Building_WorkTable</EType>
		<Label>Glassworks</Label>
		<ThingClass>Building_WorkTable</ThingClass>
		<Description>A table with tools for assembling and disassembling machine components and for basic weapon manufacturing.</Description>
		<TexturePath>Things/Building/SCProduction/Glassworks3x1</TexturePath>
		<CostList>
			<li>
				<thingDef>SteelBars</thingDef>
				<count>50</count>
			</li>
			<li>
				<thingDef>StoneBlocks</thingDef>
				<count>10</count>
			</li>
		</CostList>
		<AltitudeLayer>Waist</AltitudeLayer>
		<WorkToBuild>4800</WorkToBuild>
		<UseStandardHealth>True</UseStandardHealth>
		<maxHealth>120</maxHealth>
		<Size>(3,1)</Size>
		<Overdraw>False</Overdraw>
		<DesignationCategory>Production</DesignationCategory>
		<Passability>Impassable</Passability>
		<hasInteractionSquare>True</hasInteractionSquare>
		<interactionSquareOffset>(0,0,-1)</interactionSquareOffset>
		<itemSurface>True</itemSurface>
		<recipes>
			<li>MakeGlass</li>
		</recipes>
		<inspectorTabs>
			<li>ITab_Bills</li>
		</inspectorTabs>
		<comps>
			<li>
				<compClass>CompPowerTrader</compClass>
				<startElectricalFires>true</startElectricalFires>
				<basePowerConsumption>500</basePowerConsumption>
				<soundPowerOn>PowerOnSmall</soundPowerOn>
				<soundPowerOff>PowerOffSmall</soundPowerOff>
			</li>
			<li>
				<compClass>CompGlower</compClass>
				<glowRadius>5</glowRadius>
				<glowColor>(73,123,138,0)</glowColor>
			</li>
		</comps>
		<building>
			<spawnedConceptLearnOpportunity>BillsTab</spawnedConceptLearnOpportunity>
		</building>
		<researchPrerequisite>PowerI</researchPrerequisite>
	</ThingDef>
	
	<ThingDef ParentName="BuildingBase">
		<defName>HydroponicsBasin</defName>
		<eType>BuildingComplex</eType>
		<label>Hydroponics Basin</label>
		<thingClass>Building_PlantGrower</thingClass>
		<texturePath>Things/Building/SCProduction/Hydroponics1x4</texturePath>
		<altitudeLayer>FloorEmplacement</altitudeLayer>
		<passability>Impassable</passability>
		<castEdgeShadows>true</castEdgeShadows>
		<maxHealth>240</maxHealth>
		<flammability>1.0</flammability>
		<description>For growing food. Hydroponics basins grow a few plants quickly.</description>
		<size>(1,4)</size>
		<workToBuild>6000</workToBuild>
		<costList>
			<li>
				<thingDef>WoodPlank</thingDef>
				<count>50</count>
			</li>
			<li>
				<thingDef>SteelBars</thingDef>
				<count>50</count>
			</li>
			<li>
				<thingDef>WoodMulch</thingDef>
				<count>20</count>
			</li>
		</costList>
		<inspectorTabs>
			<li>ITab_Growing</li>
		</inspectorTabs>
		<overdraw>false</overdraw>
		<fertility>3.5</fertility>
		<building>
			<defaultPlantToGrow>PlantPotato</defaultPlantToGrow>
			<plantsDestroyWithMe>true</plantsDestroyWithMe>
			<supportsPlants>true</supportsPlants>
		</building>
		<tickerType>Rare</tickerType>
		<comps>
			<li>
				<compClass>CompForbiddable</compClass>
			</li>
			<li>
				<compClass>CompPowerTrader</compClass>
				<basePowerConsumption>50</basePowerConsumption>
			</li>
		</comps>
		<leaveResourcesWhenKilled>true</leaveResourcesWhenKilled>
		<researchPrerequisite>Hydroponics</researchPrerequisite>
		<surfaceNeeded>Heavy</surfaceNeeded>
		<designationCategory>Production</designationCategory>
		<staticSunShadowHeight>0.02</staticSunShadowHeight>
		<itemSurface>true</itemSurface>
		<designationHotKey>H</designationHotKey>
	</ThingDef>


	<ThingDef ParentName="BuildingBase">
		<DefName>TableMachining</DefName>
		<EType>Building_WorkTable</EType>
		<Label>Smithing Table</Label>
		<ThingClass>Building_WorkTable</ThingClass>
		<Description>A table with tools, for assembling and disassembling machine components and for crafting weapons and armor.</Description>
		<TexturePath>Things/Building/SCProduction/Machining3x1</TexturePath>
		<CostList>
			<li>
				<thingDef>WoodPlank</thingDef>
				<count>100</count>
			</li>
			<li>
				<thingDef>SteelBars</thingDef>
				<count>140</count>
			</li>
		</CostList>
		<AltitudeLayer>Waist</AltitudeLayer>
		<WorkToBuild>12000</WorkToBuild>
		<UseStandardHealth>True</UseStandardHealth>
		<maxHealth>480</maxHealth>
		<Size>(3,1)</Size>
		<Overdraw>False</Overdraw>
		<DesignationCategory>Production</DesignationCategory>
		<Passability>Impassable</Passability>
		<hasInteractionSquare>True</hasInteractionSquare>
		<interactionSquareOffset>(0,0,-1)</interactionSquareOffset>
		<itemSurface>True</itemSurface>
		<recipes>
			<li>ButcherCorpseMechanoid</li>
			<li>MakePistol</li>
			<li>MakePumpShotgun</li>
			<li>MakeLeeEnfield</li>
			<li>MakeM16Rifle</li>
			<li>MakeM24Rifle</li>
			<li>MakeUzi</li>
			<li>MakeT9</li>
			<li>MakeL15LMG</li>
			<li>MakeR4Charged</li>
			<li>MakeAIChips</li>
			<li>MakeVestPlate</li>
			<li>MakePoweredArmor</li>
			<li>BreakVestPlate</li>
			<li>BreakPoweredArmor</li>
		</recipes>
		<inspectorTabs>
			<li>ITab_Bills</li>
		</inspectorTabs>
		<comps>
			<li>
				<compClass>CompPowerTrader</compClass>
				<startElectricalFires>true</startElectricalFires>
				<basePowerConsumption>500</basePowerConsumption>
				<soundPowerOn>PowerOnSmall</soundPowerOn>
				<soundPowerOff>PowerOffSmall</soundPowerOff>
			</li>
			<li>
				<compClass>CompGlower</compClass>
				<glowRadius>5</glowRadius>
				<glowColor>(73,123,138,0)</glowColor>
			</li>
		</comps>
		<building>
			<spawnedConceptLearnOpportunity>BillsTab</spawnedConceptLearnOpportunity>
		</building>
		<researchPrerequisite>CraftingIV</researchPrerequisite>
	</ThingDef>


	<ThingDef ParentName="BuildingBase">
		<DefName>TableTailor</DefName>
		<EType>Building_WorkTable</EType>
		<Label>Tailor's Table</Label>
		<ThingClass>Building_WorkTable</ThingClass>
		<Description>A table equipped with tools to work with cloth, hides and leather.</Description>
		<TexturePath>Things/Building/SCProduction/TableTailor3x1</TexturePath>
		<CostList>
			<li>
				<thingDef>WoodPlank</thingDef>
				<count>50</count>
			</li>
			<li>
				<thingDef>SteelBars</thingDef>
				<count>10</count>
			</li>
		</CostList>
		<AltitudeLayer>Waist</AltitudeLayer>
		<WorkToBuild>3000</WorkToBuild>
		<UseStandardHealth>True</UseStandardHealth>
		<maxHealth>120</maxHealth>
		<Size>(3,1)</Size>
		<Overdraw>False</Overdraw>
		<DesignationCategory>Production</DesignationCategory>
		<Passability>Impassable</Passability>
		<hasInteractionSquare>True</hasInteractionSquare>
		<interactionSquareOffset>(0,0,-1)</interactionSquareOffset>
		<itemSurface>True</itemSurface>
		<recipes>
			<li>MakeCloth</li>
			<li>MakeLeather</li>
			<li>MakeCowBoyHat</li>
			<li>MakeBasicShirt</li>
			<li>MakeCollarShirt</li>
			<li>MakeDuster</li>
			<li>MakeJacket</li>
			<li>BreakTribalA</li>
			<li>BreakCowBoyHat</li>
			<li>BreakBasicShirt</li>
			<li>BreakCollarShirt</li>
			<li>BreakDuster</li>
			<li>BreakJacket</li>
		</recipes>
		<inspectorTabs>
			<li>ITab_Bills</li>
		</inspectorTabs>
		<comps>
			<li>
				<compClass>CompForbiddable</compClass>
			</li>
		</comps>
		<building>
			<spawnedConceptLearnOpportunity>BillsTab</spawnedConceptLearnOpportunity>
		</building>
		<researchPrerequisite>CraftingI</researchPrerequisite>
	</ThingDef>


</ThingDefs>